timestamp,date,latitude,longitude
1623062244,"2021-06-07 10:37:24",51.748919,-1.243668
1623062335,"2021-06-07 10:38:55",51.748722,-1.244328
1623062475,"2021-06-07 10:41:15",51.749007,-1.244142
1623065477,"2021-06-07 11:31:17",51.749003,-1.244208
1623080221,"2021-06-07 15:37:01",51.748911,-1.244325
1623080280,"2021-06-07 15:38:00",51.748699,-1.244165
1623080339,"2021-06-07 15:38:59",51.748583,-1.243591
1623080368,"2021-06-07 15:39:28",51.748865,-1.243685
1623080458,"2021-06-07 15:40:58",51.748919,-1.243228
1623080487,"2021-06-07 15:41:27",51.748057,-1.242204
1623080518,"2021-06-07 15:41:58",51.747482,-1.241514
1623080547,"2021-06-07 15:42:27",51.746875,-1.240576
1623080577,"2021-06-07 15:42:57",51.747622,-1.239011
1623080595,"2021-06-07 15:43:15",51.750502,-1.237422
1623080608,"2021-06-07 15:43:28",51.748153,-1.238107
1623080627,"2021-06-07 15:43:47",51.750502,-1.237422
1623080637,"2021-06-07 15:43:57",51.748775,-1.236882
1623080657,"2021-06-07 15:44:17",51.750502,-1.237422
1623080668,"2021-06-07 15:44:28",51.749471,-1.23691
1623080751,"2021-06-07 15:45:51",51.749271,-1.237205
1623080759,"2021-06-07 15:45:59",51.749305,-1.236588
1623080789,"2021-06-07 15:46:29",51.749495,-1.236955
1623082503,"2021-06-07 16:15:03",51.749492,-1.23708
1623082637,"2021-06-07 16:17:17",51.750116,-1.237421
1623082669,"2021-06-07 16:17:49",51.750417,-1.237224
1623082684,"2021-06-07 16:18:04",51.751373,-1.236952
1623082698,"2021-06-07 16:18:18",51.750599,-1.237567
1623082729,"2021-06-07 16:18:49",51.750898,-1.237894
1623082758,"2021-06-07 16:19:18",51.751005,-1.238299
1623082819,"2021-06-07 16:20:19",51.750609,-1.238991
1623082912,"2021-06-07 16:21:52",51.750803,-1.238392
1623083024,"2021-06-07 16:23:44",51.750502,-1.237422
1623083042,"2021-06-07 16:24:02",51.750914,-1.238569
1623083089,"2021-06-07 16:24:49",51.750821,-1.23899
1623083112,"2021-06-07 16:25:12",51.750702,-1.239395
1623083135,"2021-06-07 16:25:35",51.750597,-1.239821
1623083183,"2021-06-07 16:26:23",51.750608,-1.240921
1623083213,"2021-06-07 16:26:53",51.750336,-1.241463
1623083242,"2021-06-07 16:27:22",51.750235,-1.242086
1623083272,"2021-06-07 16:27:52",51.750265,-1.242835
1623083648,"2021-06-07 16:34:08",51.749956,-1.24356
1623083678,"2021-06-07 16:34:38",51.750427,-1.24426
1623084223,"2021-06-07 16:43:43",51.750164,-1.243237
1623084282,"2021-06-07 16:44:42",51.750258,-1.242193
1623084312,"2021-06-07 16:45:12",51.750336,-1.241675
1623084373,"2021-06-07 16:46:13",51.750312,-1.240722
1623084403,"2021-06-07 16:46:43",51.750485,-1.240295
1623084432,"2021-06-07 16:47:12",51.750566,-1.239578
1623084468,"2021-06-07 16:47:48",51.750729,-1.239177
1623084493,"2021-06-07 16:48:13",51.750343,-1.238928
1623084530,"2021-06-07 16:48:50",51.750186,-1.238579
1623084552,"2021-06-07 16:49:12",51.74998,-1.238372
1623084582,"2021-06-07 16:49:42",51.749753,-1.238084
1623084612,"2021-06-07 16:50:12",51.74996,-1.237475
1623084673,"2021-06-07 16:51:13",51.749461,-1.236783
1623084702,"2021-06-07 16:51:42",51.750502,-1.237422
1623084742,"2021-06-07 16:52:22",51.749443,-1.237006
1623085675,"2021-06-07 17:07:55",51.750502,-1.237422
1623085699,"2021-06-07 17:08:19",51.750335,-1.235656
1623085711,"2021-06-07 17:08:31",51.750989,-1.237141
1623085742,"2021-06-07 17:09:02",51.751928,-1.23719
1623085801,"2021-06-07 17:10:01",51.75279,-1.236345
1623085831,"2021-06-07 17:10:31",51.754184,-1.235891
1623085861,"2021-06-07 17:11:01",51.755597,-1.235895
1623085891,"2021-06-07 17:11:31",51.756959,-1.235468
1623085921,"2021-06-07 17:12:01",51.758547,-1.235688
1623085951,"2021-06-07 17:12:31",51.760127,-1.235757
1623085980,"2021-06-07 17:13:00",51.761297,-1.235797
1623086011,"2021-06-07 17:13:31",51.762814,-1.235266
1623086041,"2021-06-07 17:14:01",51.762801,-1.23384
1623086072,"2021-06-07 17:14:32",51.762916,-1.232405
1623086132,"2021-06-07 17:15:32",51.763216,-1.231643
1623086162,"2021-06-07 17:16:02",51.763055,-1.230898
1623086191,"2021-06-07 17:16:31",51.763104,-1.230404
1623086222,"2021-06-07 17:17:02",51.763111,-1.229802
1623086251,"2021-06-07 17:17:31",51.763056,-1.229277
1623086281,"2021-06-07 17:18:01",51.763114,-1.228563
1623086446,"2021-06-07 17:20:46",51.763331,-1.228034
1623086533,"2021-06-07 17:22:13",51.763176,-1.228438
1623086563,"2021-06-07 17:22:43",51.763362,-1.227902
1623086628,"2021-06-07 17:23:48",51.763026,-1.228109
1623086745,"2021-06-07 17:25:45",51.76269,-1.228217
1623086790,"2021-06-07 17:26:30",51.762163,-1.228123
1623086863,"2021-06-07 17:27:43",51.763351,-1.228468
1623088718,"2021-06-07 17:58:38",51.762866,-1.228933
1623088743,"2021-06-07 17:59:03",51.762665,-1.228542
1623091996,"2021-06-07 18:53:16",51.763063,-1.228891
1623092092,"2021-06-07 18:54:52",51.762687,-1.228767
1623092152,"2021-06-07 18:55:52",51.762933,-1.228259
1623092183,"2021-06-07 18:56:23",51.762864,-1.228835
1623092272,"2021-06-07 18:57:52",51.763111,-1.228557
1623092306,"2021-06-07 18:58:26",51.763185,-1.23024
1623092337,"2021-06-07 18:58:57",51.762713,-1.234653
1623092367,"2021-06-07 18:59:27",51.761638,-1.235653
1623092396,"2021-06-07 18:59:56",51.760485,-1.235694
1623092426,"2021-06-07 19:00:26",51.759096,-1.235901
1623092457,"2021-06-07 19:00:57",51.757722,-1.235407
1623092487,"2021-06-07 19:01:27",51.756382,-1.235506
1623092518,"2021-06-07 19:01:58",51.754922,-1.235573
1623092547,"2021-06-07 19:02:27",51.75378,-1.235831
1623092577,"2021-06-07 19:02:57",51.752334,-1.236584
1623092607,"2021-06-07 19:03:27",51.752069,-1.236966
1623092636,"2021-06-07 19:03:56",51.751402,-1.237403
1623092667,"2021-06-07 19:04:27",51.750499,-1.235864
1623092697,"2021-06-07 19:04:57",51.75012,-1.236485
1623092728,"2021-06-07 19:05:28",51.749518,-1.236971
1623092789,"2021-06-07 19:06:29",51.74951,-1.237431
1623092879,"2021-06-07 19:07:59",51.749308,-1.237828
1623092887,"2021-06-07 19:08:07",51.749463,-1.237073
1623092910,"2021-06-07 19:08:30",51.749498,-1.237813
1623092915,"2021-06-07 19:08:35",51.749472,-1.237125
1623092957,"2021-06-07 19:09:17",51.749498,-1.237072
1623095593,"2021-06-07 19:53:13",51.749482,-1.237088
1623096986,"2021-06-07 20:16:26",51.749471,-1.237068
1623097939,"2021-06-07 20:32:19",51.74948,-1.23706
1623098874,"2021-06-07 20:47:54",51.74948,-1.23706
1623103797,"2021-06-07 22:09:57",51.749465,-1.237066
1623104752,"2021-06-07 22:25:52",51.749548,-1.237207
1623106039,"2021-06-07 22:47:19",51.749485,-1.237094
1623106993,"2021-06-07 23:03:13",51.749536,-1.237135
1623108022,"2021-06-07 23:20:22",51.749484,-1.237101
1623129436,"2021-06-08 05:17:16",51.74948,-1.237055
1623130022,"2021-06-08 05:27:02",51.749478,-1.237067
1623132182,"2021-06-08 06:03:02",51.749759,-1.237139
1623132242,"2021-06-08 06:04:02",51.749455,-1.237014
1623134128,"2021-06-08 06:35:28",51.749477,-1.237068
1623136655,"2021-06-08 07:17:35",51.74947,-1.237068
1623140466,"2021-06-08 08:21:06",51.749492,-1.237076
1623141677,"2021-06-08 08:41:17",51.749499,-1.23709
1623141744,"2021-06-08 08:42:24",51.7493,-1.23677
1623141752,"2021-06-08 08:42:32",51.749026,-1.236834
1623141766,"2021-06-08 08:42:46",51.748757,-1.236926
1623141776,"2021-06-08 08:42:56",51.748518,-1.237133
1623141788,"2021-06-08 08:43:08",51.748244,-1.237206
1623141798,"2021-06-08 08:43:18",51.748011,-1.236952
1623141835,"2021-06-08 08:43:55",51.74759,-1.23498
1623141865,"2021-06-08 08:44:25",51.746645,-1.233179
1623141894,"2021-06-08 08:44:54",51.745886,-1.231238
1623141924,"2021-06-08 08:45:24",51.744613,-1.229288
1623141954,"2021-06-08 08:45:54",51.743248,-1.22762
1623141984,"2021-06-08 08:46:24",51.742117,-1.225904
1623142014,"2021-06-08 08:46:54",51.740782,-1.224096
1623142043,"2021-06-08 08:47:23",51.739997,-1.222435
1623142074,"2021-06-08 08:47:54",51.738738,-1.220435
1623142103,"2021-06-08 08:48:23",51.738468,-1.220467
1623142164,"2021-06-08 08:49:24",51.738441,-1.219602
1623142409,"2021-06-08 08:53:29",51.738221,-1.220079
1623142440,"2021-06-08 08:54:00",51.736943,-1.21794
1623142468,"2021-06-08 08:54:28",51.735741,-1.216208
1623142498,"2021-06-08 08:54:58",51.735073,-1.214974
1623142530,"2021-06-08 08:55:30",51.734699,-1.21362
1623142560,"2021-06-08 08:56:00",51.7346,-1.21246
1623142589,"2021-06-08 08:56:29",51.734404,-1.212062
1623142619,"2021-06-08 08:56:59",51.733266,-1.213089
1623142649,"2021-06-08 08:57:29",51.73264,-1.215388
1623142679,"2021-06-08 08:57:59",51.73269,-1.217066
1623142739,"2021-06-08 08:58:59",51.732404,-1.217733
1623142783,"2021-06-08 08:59:43",51.732068,-1.217767
1623142833,"2021-06-08 09:00:33",51.732444,-1.217637
1623143058,"2021-06-08 09:04:18",51.732003,-1.218457
1623143206,"2021-06-08 09:06:46",51.731957,-1.217994
1623143269,"2021-06-08 09:07:49",51.732359,-1.217541
1623143329,"2021-06-08 09:08:49",51.732669,-1.217402
1623143361,"2021-06-08 09:09:21",51.732371,-1.21813
1623143389,"2021-06-08 09:09:49",51.732163,-1.21858
1623143419,"2021-06-08 09:10:19",51.732174,-1.221506
1623143450,"2021-06-08 09:10:50",51.732258,-1.223746
1623143479,"2021-06-08 09:11:19",51.73236,-1.226037
1623143509,"2021-06-08 09:11:49",51.732508,-1.228124
1623143539,"2021-06-08 09:12:19",51.732743,-1.229407
1623143572,"2021-06-08 09:12:52",51.734286,-1.231925
1623143599,"2021-06-08 09:13:19",51.735714,-1.233019
1623143630,"2021-06-08 09:13:50",51.737265,-1.233908
1623143659,"2021-06-08 09:14:19",51.738085,-1.234575
1623143690,"2021-06-08 09:14:50",51.738905,-1.235418
1623143721,"2021-06-08 09:15:21",51.740263,-1.235381
1623143749,"2021-06-08 09:15:49",51.741016,-1.236641
1623143780,"2021-06-08 09:16:20",51.741928,-1.237963
1623143810,"2021-06-08 09:16:50",51.743705,-1.239679
1623143840,"2021-06-08 09:17:20",51.74508,-1.240411
1623143857,"2021-06-08 09:17:37",51.745756,-1.240701
1623143882,"2021-06-08 09:18:02",51.745274,-1.240637
1623143900,"2021-06-08 09:18:20",51.747818,-1.241859
1623143930,"2021-06-08 09:18:50",51.748648,-1.243416
1623143944,"2021-06-08 09:19:04",51.74953,-1.243481
1623144070,"2021-06-08 09:21:10",51.748683,-1.244217
1623144130,"2021-06-08 09:22:10",51.748574,-1.244849
1623144138,"2021-06-08 09:22:18",51.74875,-1.244157
1623144765,"2021-06-08 09:32:45",51.749045,-1.244048
1623147450,"2021-06-08 10:17:30",51.749144,-1.244199
1623154801,"2021-06-08 12:20:01",51.748837,-1.244084
1623155702,"2021-06-08 12:35:02",51.748939,-1.244208
1623156619,"2021-06-08 12:50:19",51.74895,-1.244223
1623157580,"2021-06-08 13:06:20",51.74895,-1.244223
1623158558,"2021-06-08 13:22:38",51.748994,-1.244273
1623158856,"2021-06-08 13:27:36",51.748415,-1.243881
1623158947,"2021-06-08 13:29:07",51.748702,-1.244018
1623159547,"2021-06-08 13:39:07",51.74882,-1.244161
1623163206,"2021-06-08 14:40:06",51.749199,-1.244223
1623166158,"2021-06-08 15:29:18",51.748664,-1.244189
1623166957,"2021-06-08 15:42:37",51.749071,-1.244821
1623167024,"2021-06-08 15:43:44",51.748948,-1.243717
1623167118,"2021-06-08 15:45:18",51.748837,-1.243114
1623167148,"2021-06-08 15:45:48",51.747785,-1.241871
1623167177,"2021-06-08 15:46:17",51.746696,-1.24084
1623167207,"2021-06-08 15:46:47",51.747231,-1.239305
1623167237,"2021-06-08 15:47:17",51.748076,-1.238569
1623167267,"2021-06-08 15:47:47",51.747901,-1.237641
1623167298,"2021-06-08 15:48:18",51.748804,-1.236935
1623167327,"2021-06-08 15:48:47",51.749646,-1.237139
1623167357,"2021-06-08 15:49:17",51.750502,-1.237422
1623167380,"2021-06-08 15:49:40",51.751373,-1.236952
1623167398,"2021-06-08 15:49:58",51.749603,-1.236975
1623167417,"2021-06-08 15:50:17",51.752244,-1.236481
1623167427,"2021-06-08 15:50:27",51.749114,-1.237352
1623167438,"2021-06-08 15:50:38",51.752244,-1.236481
1623167449,"2021-06-08 15:50:49",51.749024,-1.237418
1623167477,"2021-06-08 15:51:17",51.752244,-1.236481
1623167508,"2021-06-08 15:51:48",51.749623,-1.237175
1623167537,"2021-06-08 15:52:17",51.751443,-1.236848
1623167557,"2021-06-08 15:52:37",51.751804,-1.236682
1623167595,"2021-06-08 15:53:15",51.749623,-1.237175
1623167629,"2021-06-08 15:53:49",51.74952,-1.23676
1623167703,"2021-06-08 15:55:03",51.750043,-1.236838
1623168102,"2021-06-08 16:01:42",51.749473,-1.237068
1623169172,"2021-06-08 16:19:32",51.750075,-1.235972
1623169202,"2021-06-08 16:20:02",51.751178,-1.237057
1623169219,"2021-06-08 16:20:19",51.750603,-1.235567
1623169232,"2021-06-08 16:20:32",51.751892,-1.237099
1623169292,"2021-06-08 16:21:32",51.753066,-1.236514
1623169322,"2021-06-08 16:22:02",51.754674,-1.235956
1623169351,"2021-06-08 16:22:31",51.75575,-1.235589
1623169381,"2021-06-08 16:23:01",51.757618,-1.23564
1623169412,"2021-06-08 16:23:32",51.759043,-1.235886
1623169441,"2021-06-08 16:24:01",51.760413,-1.235794
1623169473,"2021-06-08 16:24:33",51.762359,-1.235684
1623169502,"2021-06-08 16:25:02",51.762831,-1.234433
1623169531,"2021-06-08 16:25:31",51.763099,-1.232809
1623169563,"2021-06-08 16:26:03",51.763201,-1.231762
1623169595,"2021-06-08 16:26:35",51.763137,-1.231184
1623169682,"2021-06-08 16:28:02",51.763026,-1.229719
1623169712,"2021-06-08 16:28:32",51.763192,-1.228792
1623169743,"2021-06-08 16:29:03",51.762902,-1.228604
1623169772,"2021-06-08 16:29:32",51.762603,-1.228356
1623169832,"2021-06-08 16:30:32",51.762839,-1.228944
1623170013,"2021-06-08 16:33:33",51.760825,-1.235642
1623170029,"2021-06-08 16:33:49",51.760475,-1.237522
1623170061,"2021-06-08 16:34:21",51.762933,-1.228553
1623170088,"2021-06-08 16:34:48",51.760773,-1.240569
1623170108,"2021-06-08 16:35:08",51.762791,-1.22868
1623170335,"2021-06-08 16:38:55",51.76245,-1.22902
1623170486,"2021-06-08 16:41:26",51.76227,-1.228007
1623170516,"2021-06-08 16:41:56",51.762327,-1.228482
1623170755,"2021-06-08 16:45:55",51.762359,-1.228949
1623170875,"2021-06-08 16:47:55",51.762726,-1.228562
1623171218,"2021-06-08 16:53:38",51.760825,-1.235642
1623171236,"2021-06-08 16:53:56",51.762842,-1.228732
1623175286,"2021-06-08 18:01:26",51.749478,-1.237073
1623176063,"2021-06-08 18:14:23",51.749576,-1.237819
1623176093,"2021-06-08 18:14:53",51.748576,-1.238144
1623176124,"2021-06-08 18:15:24",51.748306,-1.238748
1623176154,"2021-06-08 18:15:54",51.749001,-1.240944
1623176184,"2021-06-08 18:16:24",51.749477,-1.243056
1623176213,"2021-06-08 18:16:53",51.749854,-1.24423
1623176244,"2021-06-08 18:17:24",51.750754,-1.245765
1623176274,"2021-06-08 18:17:54",51.752214,-1.248042
1623176303,"2021-06-08 18:18:23",51.752636,-1.25061
1623176335,"2021-06-08 18:18:55",51.752596,-1.252863
1623176363,"2021-06-08 18:19:23",51.752246,-1.254871
1623176394,"2021-06-08 18:19:54",51.752372,-1.255713
1623176426,"2021-06-08 18:20:26",51.752982,-1.256081
1623176454,"2021-06-08 18:20:54",51.754379,-1.257096
1623176484,"2021-06-08 18:21:24",51.754184,-1.258733
1623176574,"2021-06-08 18:22:54",51.754646,-1.258911
1623176605,"2021-06-08 18:23:25",51.75487,-1.259354
1623176634,"2021-06-08 18:23:54",51.755294,-1.259478
1623176665,"2021-06-08 18:24:25",51.755214,-1.260035
1623176694,"2021-06-08 18:24:54",51.755181,-1.26056
1623176726,"2021-06-08 18:25:26",51.755103,-1.260986
1623176765,"2021-06-08 18:26:05",51.75977,-1.262139
1623176786,"2021-06-08 18:26:26",51.754997,-1.260873
1623176796,"2021-06-08 18:26:36",51.75977,-1.262139
1623176814,"2021-06-08 18:26:54",51.75504,-1.26085
1623176828,"2021-06-08 18:27:08",51.75977,-1.262139
1623176844,"2021-06-08 18:27:24",51.755068,-1.260884
1623176860,"2021-06-08 18:27:40",51.75977,-1.262139
1623176875,"2021-06-08 18:27:55",51.755077,-1.260936
1623176891,"2021-06-08 18:28:11",51.75977,-1.262139
1623176903,"2021-06-08 18:28:23",51.755083,-1.260945
1623176923,"2021-06-08 18:28:43",51.75977,-1.262139
1623176936,"2021-06-08 18:28:56",51.755085,-1.260943
1623176963,"2021-06-08 18:29:23",51.75977,-1.262139
1623176976,"2021-06-08 18:29:36",51.755088,-1.26094
1623176985,"2021-06-08 18:29:45",51.75977,-1.262139
1623177003,"2021-06-08 18:30:03",51.755114,-1.260952
1623177023,"2021-06-08 18:30:23",51.75977,-1.262139
1623177062,"2021-06-08 18:31:02",51.755126,-1.260965
1623177075,"2021-06-08 18:31:15",51.75977,-1.262139
1623177093,"2021-06-08 18:31:33",51.755122,-1.260965
1623177105,"2021-06-08 18:31:45",51.75977,-1.262139
1623177274,"2021-06-08 18:34:34",51.755122,-1.260965
1623177762,"2021-06-08 18:42:42",51.75977,-1.262139
1623177898,"2021-06-08 18:44:58",51.75452,-1.260336
1623178072,"2021-06-08 18:47:52",51.75977,-1.262139
1623181197,"2021-06-08 19:39:57",51.75977,-1.262139
1623182540,"2021-06-08 20:02:20",51.75977,-1.262139
1623184958,"2021-06-08 20:42:38",51.75977,-1.262139
1623185164,"2021-06-08 20:46:04",51.755179,-1.260578
1623185289,"2021-06-08 20:48:09",51.754935,-1.260874
1623185352,"2021-06-08 20:49:12",51.755201,-1.260138
1623185378,"2021-06-08 20:49:38",51.755014,-1.259687
1623186390,"2021-06-08 21:06:30",51.75463,-1.259271
1623186459,"2021-06-08 21:07:39",51.754418,-1.258869
1623186609,"2021-06-08 21:10:09",51.754295,-1.25717
1623186640,"2021-06-08 21:10:40",51.754675,-1.255073
1623186670,"2021-06-08 21:11:10",51.754857,-1.253614
1623186699,"2021-06-08 21:11:39",51.754941,-1.251859
1623186728,"2021-06-08 21:12:08",51.754909,-1.250185
1623186758,"2021-06-08 21:12:38",51.754774,-1.248848
1623186789,"2021-06-08 21:13:09",51.753657,-1.248497
1623186819,"2021-06-08 21:13:39",51.752688,-1.248929
1623186852,"2021-06-08 21:14:12",51.751639,-1.246619
1623186878,"2021-06-08 21:14:38",51.750934,-1.245499
1623186909,"2021-06-08 21:15:09",51.750604,-1.243835
1623186939,"2021-06-08 21:15:39",51.750311,-1.242309
1623187000,"2021-06-08 21:16:40",51.75038,-1.239839
1623187029,"2021-06-08 21:17:09",51.750313,-1.238589
1623187059,"2021-06-08 21:17:39",51.749959,-1.237858
1623187088,"2021-06-08 21:18:08",51.749478,-1.236968
1623187178,"2021-06-08 21:19:38",51.750269,-1.235932
1623187187,"2021-06-08 21:19:47",51.749354,-1.237218
1623187330,"2021-06-08 21:22:10",51.749791,-1.237248
1623187346,"2021-06-08 21:22:26",51.749463,-1.237069
1623194873,"2021-06-08 23:27:53",51.74948,-1.237071
1623195213,"2021-06-08 23:33:33",51.749493,-1.237086
1623195481,"2021-06-08 23:38:01",51.750583,-1.237462
1623195489,"2021-06-08 23:38:09",51.749419,-1.237092
1623195639,"2021-06-08 23:40:39",51.749745,-1.237116
1623196778,"2021-06-08 23:59:38",51.749449,-1.23693
1623197157,"2021-06-09 00:05:57",51.750583,-1.237462
1623197168,"2021-06-09 00:06:08",51.74952,-1.237105
1623197499,"2021-06-09 00:11:39",51.749188,-1.237394
1623197558,"2021-06-09 00:12:38",51.74955,-1.237114
1623197740,"2021-06-09 00:15:40",51.749831,-1.236686
1623197752,"2021-06-09 00:15:52",51.749494,-1.237073
1623197800,"2021-06-09 00:16:40",51.749419,-1.237638
1623197816,"2021-06-09 00:16:56",51.749498,-1.237069
1623201432,"2021-06-09 01:17:12",51.749384,-1.237103
1623211547,"2021-06-09 04:05:47",51.749556,-1.23709
1623215473,"2021-06-09 05:11:13",51.749481,-1.237087
1623218400,"2021-06-09 06:00:00",51.749466,-1.237196
1623219365,"2021-06-09 06:16:05",51.749539,-1.237189
1623222557,"2021-06-09 07:09:17",51.749482,-1.237085
1623222762,"2021-06-09 07:12:42",51.749477,-1.237069
1623222935,"2021-06-09 07:15:35",51.750583,-1.237462
1623222947,"2021-06-09 07:15:47",51.74946,-1.237114
1623223396,"2021-06-09 07:23:16",51.749222,-1.236439
1623223427,"2021-06-09 07:23:47",51.749436,-1.237139
1623223456,"2021-06-09 07:24:16",51.749558,-1.237637
1623223461,"2021-06-09 07:24:21",51.749459,-1.237092
1623224650,"2021-06-09 07:44:10",51.749457,-1.237074
1623226272,"2021-06-09 08:11:12",51.749541,-1.237189
1623227877,"2021-06-09 08:37:57",51.749541,-1.237189
1623231462,"2021-06-09 09:37:42",51.749427,-1.236922
1623231493,"2021-06-09 09:38:13",51.749598,-1.236744
1623231535,"2021-06-09 09:38:55",51.749782,-1.237083
1623231547,"2021-06-09 09:39:07",51.749977,-1.237401
1623231553,"2021-06-09 09:39:13",51.749892,-1.238012
1623231559,"2021-06-09 09:39:19",51.749806,-1.238487
1623231570,"2021-06-09 09:39:30",51.749522,-1.238592
1623231581,"2021-06-09 09:39:41",51.749236,-1.238522
1623231587,"2021-06-09 09:39:47",51.748916,-1.238445
1623231593,"2021-06-09 09:39:53",51.748621,-1.238473
1623231602,"2021-06-09 09:40:02",51.748358,-1.238587
1623231617,"2021-06-09 09:40:17",51.748396,-1.239035
1623231625,"2021-06-09 09:40:25",51.74851,-1.239484
1623231633,"2021-06-09 09:40:33",51.748385,-1.239889
1623231639,"2021-06-09 09:40:39",51.748144,-1.240103
1623231645,"2021-06-09 09:40:45",51.747935,-1.24039
1623231657,"2021-06-09 09:40:57",51.74775,-1.240831
1623231662,"2021-06-09 09:41:02",51.747574,-1.241304
1623231671,"2021-06-09 09:41:11",51.747416,-1.241689
1623231686,"2021-06-09 09:41:26",51.747617,-1.242072
1623231695,"2021-06-09 09:41:35",51.747862,-1.242347
1623231702,"2021-06-09 09:41:42",51.748098,-1.24258
1623231708,"2021-06-09 09:41:48",51.748458,-1.2429
1623231713,"2021-06-09 09:41:53",51.748774,-1.243181
1623231719,"2021-06-09 09:41:59",51.749041,-1.243411
1623231751,"2021-06-09 09:42:31",51.748865,-1.243741
1623231879,"2021-06-09 09:44:39",51.748551,-1.243419
1623231969,"2021-06-09 09:46:09",51.748651,-1.244003
1623232029,"2021-06-09 09:47:09",51.748566,-1.243551
1623232068,"2021-06-09 09:47:48",51.749165,-1.244153
1623232099,"2021-06-09 09:48:19",51.749475,-1.244177
1623232130,"2021-06-09 09:48:50",51.749794,-1.244994
1623232143,"2021-06-09 09:49:03",51.749978,-1.24554
1623232163,"2021-06-09 09:49:23",51.749107,-1.244791
1623232276,"2021-06-09 09:51:16",51.748806,-1.243722
1623232306,"2021-06-09 09:51:46",51.749044,-1.244517
1623232350,"2021-06-09 09:52:30",51.74863,-1.243893
1623232367,"2021-06-09 09:52:47",51.748404,-1.243555
1623232759,"2021-06-09 09:59:19",51.749189,-1.24482
1623232770,"2021-06-09 09:59:30",51.749074,-1.244423
1623232871,"2021-06-09 10:01:11",51.74889,-1.244202
1623235200,"2021-06-09 10:40:00",51.749492,-1.245459
1623235255,"2021-06-09 10:40:55",51.749086,-1.244887
1623235280,"2021-06-09 10:41:20",51.748956,-1.244275
1623235429,"2021-06-09 10:43:49",51.748697,-1.244038
1623235483,"2021-06-09 10:44:43",51.74907,-1.244163
1623235578,"2021-06-09 10:46:18",51.748829,-1.24451
1623236148,"2021-06-09 10:55:48",51.749102,-1.244344
1623236940,"2021-06-09 11:09:00",51.748828,-1.244266
1623239386,"2021-06-09 11:49:46",51.748828,-1.244283
1623239420,"2021-06-09 11:50:20",51.749392,-1.244748
1623240639,"2021-06-09 12:10:39",51.749392,-1.244748
1623241695,"2021-06-09 12:28:15",51.749255,-1.244593
1623243013,"2021-06-09 12:50:13",51.749295,-1.244625
1623243728,"2021-06-09 13:02:08",51.749038,-1.244203
1623243746,"2021-06-09 13:02:26",51.748755,-1.24405
1623243805,"2021-06-09 13:03:25",51.74887,-1.243645
1623243819,"2021-06-09 13:03:39",51.748661,-1.243363
1623243914,"2021-06-09 13:05:14",51.748912,-1.24353
1623243953,"2021-06-09 13:05:53",51.749206,-1.243589
1623243957,"2021-06-09 13:05:57",51.749306,-1.243672
1623243960,"2021-06-09 13:06:00",51.749476,-1.243833
1623243967,"2021-06-09 13:06:07",51.749734,-1.24409
1623243976,"2021-06-09 13:06:16",51.749997,-1.244255
1623243985,"2021-06-09 13:06:25",51.75021,-1.244546
1623243994,"2021-06-09 13:06:34",51.750408,-1.244923
1623244000,"2021-06-09 13:06:40",51.75061,-1.245282
1623244007,"2021-06-09 13:06:47",51.750808,-1.245603
1623244013,"2021-06-09 13:06:53",51.751007,-1.245971
1623244019,"2021-06-09 13:06:59",51.751285,-1.246404
1623244025,"2021-06-09 13:07:05",51.751594,-1.2469
1623244031,"2021-06-09 13:07:11",51.751901,-1.247465
1623244037,"2021-06-09 13:07:17",51.752083,-1.247876
1623244047,"2021-06-09 13:07:27",51.752185,-1.248286
1623244056,"2021-06-09 13:07:36",51.752272,-1.248704
1623244062,"2021-06-09 13:07:42",51.752408,-1.24927
1623244099,"2021-06-09 13:08:19",51.752513,-1.25191
1623244129,"2021-06-09 13:08:49",51.752527,-1.253424
1623244159,"2021-06-09 13:09:19",51.752308,-1.2553
1623244189,"2021-06-09 13:09:49",51.75257,-1.255793
1623244221,"2021-06-09 13:10:21",51.753717,-1.256286
1623244248,"2021-06-09 13:10:48",51.754407,-1.25784
1623244277,"2021-06-09 13:11:17",51.754376,-1.258522
1623244338,"2021-06-09 13:12:18",51.754553,-1.258887
1623244465,"2021-06-09 13:14:25",51.754968,-1.259642
1623244525,"2021-06-09 13:15:25",51.754823,-1.259081
1623244683,"2021-06-09 13:18:03",51.754419,-1.259265
1623245316,"2021-06-09 13:28:36",51.754326,-1.258793
1623245439,"2021-06-09 13:30:39",51.754445,-1.258279
1623245527,"2021-06-09 13:32:07",51.754365,-1.257805
1623245556,"2021-06-09 13:32:36",51.754562,-1.254862
1623245587,"2021-06-09 13:33:07",51.754478,-1.253688
1623245617,"2021-06-09 13:33:37",51.754154,-1.252383
1623245647,"2021-06-09 13:34:07",51.753693,-1.251038
1623245678,"2021-06-09 13:34:38",51.753144,-1.250299
1623245708,"2021-06-09 13:35:08",51.752562,-1.249372
1623245737,"2021-06-09 13:35:37",51.752487,-1.248762
1623245766,"2021-06-09 13:36:06",51.752122,-1.247854
1623245797,"2021-06-09 13:36:37",51.75113,-1.245994
1623245827,"2021-06-09 13:37:07",51.750178,-1.244047
1623245856,"2021-06-09 13:37:36",51.750241,-1.242896
1623245887,"2021-06-09 13:38:07",51.75047,-1.240769
1623245916,"2021-06-09 13:38:36",51.750475,-1.239095
1623245947,"2021-06-09 13:39:07",51.749887,-1.237991
1623245961,"2021-06-09 13:39:21",51.750583,-1.237462
1623245977,"2021-06-09 13:39:37",51.749831,-1.23698
1623245992,"2021-06-09 13:39:52",51.750583,-1.237462
1623246006,"2021-06-09 13:40:06",51.749459,-1.23695
1623247267,"2021-06-09 14:01:07",51.75258,-1.235655
1623247277,"2021-06-09 14:01:17",51.750141,-1.237487
1623247337,"2021-06-09 14:02:17",51.750018,-1.236995
1623247454,"2021-06-09 14:04:14",51.750583,-1.237462
1623247488,"2021-06-09 14:04:48",51.750222,-1.237433
1623247739,"2021-06-09 14:08:59",51.750583,-1.237462
1623247758,"2021-06-09 14:09:18",51.750045,-1.237205
1623247771,"2021-06-09 14:09:31",51.750583,-1.237462
1623247787,"2021-06-09 14:09:47",51.750099,-1.237235
1623247803,"2021-06-09 14:10:03",51.750583,-1.237462
1623247819,"2021-06-09 14:10:19",51.750244,-1.237187
1623247834,"2021-06-09 14:10:34",51.750583,-1.237462
1623247847,"2021-06-09 14:10:47",51.750074,-1.23718
1623247868,"2021-06-09 14:11:08",51.750583,-1.237462
1623247877,"2021-06-09 14:11:17",51.750024,-1.23717
1623247898,"2021-06-09 14:11:38",51.750583,-1.237462
1623247908,"2021-06-09 14:11:48",51.750135,-1.237369
1623247930,"2021-06-09 14:12:10",51.750583,-1.237462
1623247967,"2021-06-09 14:12:47",51.75009,-1.237143
1623247990,"2021-06-09 14:13:10",51.750583,-1.237462
1623247999,"2021-06-09 14:13:19",51.750083,-1.237139
1623248020,"2021-06-09 14:13:40",51.750583,-1.237462
1623248057,"2021-06-09 14:14:17",51.750053,-1.237055
1623248080,"2021-06-09 14:14:40",51.750583,-1.237462
1623248580,"2021-06-09 14:23:00",51.750054,-1.237218
1623248601,"2021-06-09 14:23:21",51.750583,-1.237462
1623248640,"2021-06-09 14:24:00",51.750741,-1.236308
1623248663,"2021-06-09 14:24:23",51.750583,-1.237462
1623248698,"2021-06-09 14:24:58",51.751096,-1.238139
1623248724,"2021-06-09 14:25:24",51.750583,-1.237462
1623248759,"2021-06-09 14:25:59",51.752313,-1.237039
1623248789,"2021-06-09 14:26:29",51.753747,-1.236032
1623248818,"2021-06-09 14:26:58",51.75504,-1.235709
1623248848,"2021-06-09 14:27:28",51.756515,-1.235559
1623248879,"2021-06-09 14:27:59",51.758291,-1.235668
1623248909,"2021-06-09 14:28:29",51.758582,-1.235719
1623248939,"2021-06-09 14:28:59",51.760064,-1.235627
1623248969,"2021-06-09 14:29:29",51.761648,-1.235815
1623248999,"2021-06-09 14:29:59",51.762862,-1.234729
1623249029,"2021-06-09 14:30:29",51.76285,-1.232829
1623249059,"2021-06-09 14:30:59",51.763071,-1.232209
1623249088,"2021-06-09 14:31:28",51.76303,-1.231751
1623249149,"2021-06-09 14:32:29",51.76313,-1.230641
1623249211,"2021-06-09 14:33:31",51.763184,-1.230141
1623249238,"2021-06-09 14:33:58",51.763038,-1.228967
1623249261,"2021-06-09 14:34:21",51.760424,-1.24245
1623249270,"2021-06-09 14:34:30",51.762823,-1.228436
1623249301,"2021-06-09 14:35:01",51.763067,-1.228776
1623249370,"2021-06-09 14:36:10",51.763046,-1.229327
1623249394,"2021-06-09 14:36:34",51.763066,-1.228808
1623249466,"2021-06-09 14:37:46",51.763112,-1.228224
1623249482,"2021-06-09 14:38:02",51.762847,-1.228641
1623249513,"2021-06-09 14:38:33",51.762558,-1.228246
1623249545,"2021-06-09 14:39:05",51.762796,-1.228513
1623250282,"2021-06-09 14:51:22",51.762136,-1.228368
1623250289,"2021-06-09 14:51:29",51.762673,-1.228371
1623250340,"2021-06-09 14:52:20",51.762964,-1.228339
1623257350,"2021-06-09 16:49:10",51.762895,-1.228579
1623257408,"2021-06-09 16:50:08",51.762568,-1.228574
1623258212,"2021-06-09 17:03:32",51.763015,-1.228415
1623258246,"2021-06-09 17:04:06",51.762704,-1.228649
1623258302,"2021-06-09 17:05:02",51.763016,-1.22843
1623258346,"2021-06-09 17:05:46",51.762704,-1.228652
1623260898,"2021-06-09 17:48:18",51.762704,-1.228652
1623260909,"2021-06-09 17:48:29",51.762615,-1.229017
1623261010,"2021-06-09 17:50:10",51.763019,-1.228414
1623261621,"2021-06-09 18:00:21",51.760825,-1.235642
1623261631,"2021-06-09 18:00:31",51.760611,-1.236794
1623261644,"2021-06-09 18:00:44",51.762759,-1.228702
1623261718,"2021-06-09 18:01:58",51.763099,-1.228874
1623261744,"2021-06-09 18:02:24",51.762844,-1.228717
1623261838,"2021-06-09 18:03:58",51.763102,-1.228895
1623261841,"2021-06-09 18:04:01",51.763159,-1.228878
1623261854,"2021-06-09 18:04:14",51.76323,-1.229317
1623261893,"2021-06-09 18:04:53",51.763168,-1.228888
1623261953,"2021-06-09 18:05:53",51.763166,-1.229348
1623261960,"2021-06-09 18:06:00",51.763193,-1.22982
1623261966,"2021-06-09 18:06:06",51.76319,-1.230293
1623261971,"2021-06-09 18:06:11",51.76316,-1.230898
1623261976,"2021-06-09 18:06:16",51.763041,-1.2321
1623261982,"2021-06-09 18:06:22",51.762977,-1.233228
1623261993,"2021-06-09 18:06:33",51.76289,-1.233651
1623262069,"2021-06-09 18:07:49",51.762757,-1.234544
1623262099,"2021-06-09 18:08:19",51.762657,-1.235128
1623262129,"2021-06-09 18:08:49",51.762543,-1.235585
1623262159,"2021-06-09 18:09:19",51.762232,-1.23552
1623262220,"2021-06-09 18:10:20",51.761775,-1.235676
1623262249,"2021-06-09 18:10:49",51.761473,-1.235771
1623262310,"2021-06-09 18:11:50",51.761096,-1.235486
1623262339,"2021-06-09 18:12:19",51.76054,-1.235552
1623262400,"2021-06-09 18:13:20",51.760229,-1.235567
1623262489,"2021-06-09 18:14:49",51.759745,-1.235725
1623263479,"2021-06-09 18:31:19",51.759315,-1.235822
1623263809,"2021-06-09 18:36:49",51.759009,-1.235606
1623263959,"2021-06-09 18:39:19",51.75868,-1.235846
1623263989,"2021-06-09 18:39:49",51.757202,-1.235601
1623264019,"2021-06-09 18:40:19",51.755894,-1.235595
1623264049,"2021-06-09 18:40:49",51.75444,-1.23591
1623264079,"2021-06-09 18:41:19",51.752798,-1.236605
1623264109,"2021-06-09 18:41:49",51.752159,-1.23693
1623264169,"2021-06-09 18:42:49",51.751484,-1.237276
1623264183,"2021-06-09 18:43:03",51.750587,-1.237083
1623264199,"2021-06-09 18:43:19",51.750506,-1.236211
1623264214,"2021-06-09 18:43:34",51.750587,-1.237083
1623264229,"2021-06-09 18:43:49",51.750107,-1.236568
1623264246,"2021-06-09 18:44:06",51.750587,-1.237083
1623264260,"2021-06-09 18:44:20",51.74978,-1.236963
1623264278,"2021-06-09 18:44:38",51.750587,-1.237083
1623264290,"2021-06-09 18:44:50",51.74933,-1.236865
1623264329,"2021-06-09 18:45:29",51.75258,-1.235655
1623264352,"2021-06-09 18:45:52",51.74964,-1.236422
1623264390,"2021-06-09 18:46:30",51.749786,-1.23708
1623264633,"2021-06-09 18:50:33",51.749482,-1.237078
1623267538,"2021-06-09 19:38:58",51.749453,-1.237045
1623268438,"2021-06-09 19:53:58",51.749502,-1.237095
1623268494,"2021-06-09 19:54:54",51.749502,-1.237095
1623269739,"2021-06-09 20:15:39",51.749502,-1.237095
1623274243,"2021-06-09 21:30:43",51.749483,-1.237088
1623275816,"2021-06-09 21:56:56",51.749486,-1.237096
1623277073,"2021-06-09 22:17:53",51.749486,-1.237096
1623299059,"2021-06-10 04:24:19",51.749549,-1.237087
1623299473,"2021-06-10 04:31:13",51.749549,-1.237087
1623301976,"2021-06-10 05:12:56",51.749498,-1.237078
1623304376,"2021-06-10 05:52:56",51.749498,-1.237078
1623305670,"2021-06-10 06:14:30",51.749487,-1.237086
1623309793,"2021-06-10 07:23:13",51.749487,-1.237084
1623309986,"2021-06-10 07:26:26",51.749499,-1.237081
1623312768,"2021-06-10 08:12:48",51.749499,-1.237081
1623313322,"2021-06-10 08:22:02",51.749484,-1.237092
1623313434,"2021-06-10 08:23:54",51.749484,-1.237092
1623313531,"2021-06-10 08:25:31",51.750587,-1.237083
1623313542,"2021-06-10 08:25:42",51.749476,-1.237086
1623318631,"2021-06-10 09:50:31",51.749485,-1.237086
1623318700,"2021-06-10 09:51:40",51.750587,-1.237083
1623319324,"2021-06-10 10:02:04",51.749468,-1.23707
1623321628,"2021-06-10 10:40:28",51.749461,-1.237071
1623323441,"2021-06-10 11:10:41",51.749485,-1.237069
1623324121,"2021-06-10 11:22:01",51.750502,-1.237422
1623324135,"2021-06-10 11:22:15",51.74951,-1.237188
1623324151,"2021-06-10 11:22:31",51.750502,-1.237422
1623324164,"2021-06-10 11:22:44",51.749435,-1.237297
1623324211,"2021-06-10 11:23:31",51.750502,-1.237422
1623324225,"2021-06-10 11:23:45",51.749189,-1.237405
1623324241,"2021-06-10 11:24:01",51.750502,-1.237422
1623324255,"2021-06-10 11:24:15",51.749252,-1.237386
1623324271,"2021-06-10 11:24:31",51.750502,-1.237422
1623324284,"2021-06-10 11:24:44",51.749315,-1.237336
1623324304,"2021-06-10 11:25:04",51.750502,-1.237422
1623324315,"2021-06-10 11:25:15",51.749366,-1.237291
1623326294,"2021-06-10 11:58:14",51.749648,-1.237042
1623327409,"2021-06-10 12:16:49",51.749482,-1.237101
1623330674,"2021-06-10 13:11:14",51.749488,-1.237086
1623331588,"2021-06-10 13:26:28",51.749668,-1.237192
1623332585,"2021-06-10 13:43:05",51.749471,-1.237059
1623332606,"2021-06-10 13:43:26",51.749763,-1.236687
1623332635,"2021-06-10 13:43:55",51.749477,-1.236646
1623332792,"2021-06-10 13:46:32",51.750579,-1.237841
1623332830,"2021-06-10 13:47:10",51.749492,-1.236914
1623333540,"2021-06-10 13:59:00",51.750587,-1.237083
1623333564,"2021-06-10 13:59:24",51.749388,-1.236841
1623333638,"2021-06-10 14:00:38",51.749286,-1.237333
1623335495,"2021-06-10 14:31:35",51.74921,-1.237714
1623336125,"2021-06-10 14:42:05",51.749559,-1.237237
1623339426,"2021-06-10 15:37:06",51.749457,-1.237076
1623341932,"2021-06-10 16:18:52",51.749497,-1.23709
1623342832,"2021-06-10 16:33:52",51.749478,-1.237077
1623344285,"2021-06-10 16:58:05",51.749487,-1.237038
1623344336,"2021-06-10 16:58:56",51.749475,-1.237058
1623344621,"2021-06-10 17:03:41",51.749847,-1.237081
1623344653,"2021-06-10 17:04:13",51.749467,-1.237008
1623344800,"2021-06-10 17:06:40",51.75095,-1.237065
1623344824,"2021-06-10 17:07:04",51.750641,-1.237214
1623344861,"2021-06-10 17:07:41",51.752401,-1.236951
1623344891,"2021-06-10 17:08:11",51.753569,-1.236369
1623344917,"2021-06-10 17:08:37",51.752244,-1.236481
1623344950,"2021-06-10 17:09:10",51.756303,-1.235594
1623344981,"2021-06-10 17:09:41",51.757989,-1.23572
1623345010,"2021-06-10 17:10:10",51.759599,-1.235831
1623345041,"2021-06-10 17:10:41",51.761077,-1.23583
1623345070,"2021-06-10 17:11:10",51.76258,-1.235643
1623345101,"2021-06-10 17:11:41",51.762946,-1.233893
1623345130,"2021-06-10 17:12:10",51.762971,-1.232557
1623345160,"2021-06-10 17:12:40",51.763106,-1.231492
1623345221,"2021-06-10 17:13:41",51.763079,-1.230877
1623345252,"2021-06-10 17:14:12",51.763184,-1.230149
1623345280,"2021-06-10 17:14:40",51.763324,-1.229653
1623345313,"2021-06-10 17:15:13",51.763216,-1.2286
1623345401,"2021-06-10 17:16:41",51.762908,-1.22836
1623347819,"2021-06-10 17:56:59",51.762829,-1.22868
1623348042,"2021-06-10 18:00:42",51.76275,-1.228835
1623348798,"2021-06-10 18:13:18",51.762743,-1.228802
1623349395,"2021-06-10 18:23:15",51.763033,-1.228732
1623349423,"2021-06-10 18:23:43",51.76282,-1.229879
1623349432,"2021-06-10 18:23:52",51.76268,-1.228908
1623349447,"2021-06-10 18:24:07",51.763093,-1.229159
1623349462,"2021-06-10 18:24:22",51.763089,-1.22869
1623349479,"2021-06-10 18:24:39",51.763147,-1.229473
1623349513,"2021-06-10 18:25:13",51.762909,-1.232253
1623349522,"2021-06-10 18:25:22",51.762863,-1.233329
1623349544,"2021-06-10 18:25:44",51.762894,-1.232368
1623349574,"2021-06-10 18:26:14",51.761492,-1.234913
1623349613,"2021-06-10 18:26:53",51.759592,-1.235732
1623349642,"2021-06-10 18:27:22",51.759396,-1.234611
1623349675,"2021-06-10 18:27:55",51.759664,-1.234288
1623350388,"2021-06-10 18:39:48",51.76316,-1.233091
1623350408,"2021-06-10 18:40:08",51.759642,-1.234682
1623350455,"2021-06-10 18:40:55",51.759289,-1.23441
1623350486,"2021-06-10 18:41:26",51.759754,-1.234408
1623350856,"2021-06-10 18:47:36",51.759368,-1.234471
1623352713,"2021-06-10 19:18:33",51.76316,-1.233091
1623352734,"2021-06-10 19:18:54",51.75966,-1.234224
1623352839,"2021-06-10 19:20:39",51.759653,-1.234752
1623352958,"2021-06-10 19:22:38",51.759741,-1.234137
1623354161,"2021-06-10 19:42:41",51.759718,-1.234846
1623354250,"2021-06-10 19:44:10",51.759747,-1.234401
1623354400,"2021-06-10 19:46:40",51.759861,-1.233921
1623354550,"2021-06-10 19:49:10",51.759661,-1.234447
1623354700,"2021-06-10 19:51:40",51.759844,-1.234028
1623354819,"2021-06-10 19:53:39",51.759641,-1.234326
1623355025,"2021-06-10 19:57:05",51.76316,-1.233091
1623355168,"2021-06-10 19:59:28",51.759776,-1.234192
1623357229,"2021-06-10 20:33:49",51.76316,-1.233091
1623357253,"2021-06-10 20:34:13",51.759812,-1.234364
1623357505,"2021-06-10 20:38:25",51.75961,-1.234807
1623357685,"2021-06-10 20:41:25",51.759959,-1.234301
1623357804,"2021-06-10 20:43:24",51.759753,-1.23464
1623357836,"2021-06-10 20:43:56",51.759961,-1.234056
1623357956,"2021-06-10 20:45:56",51.75994,-1.23454
1623358255,"2021-06-10 20:50:55",51.759636,-1.234235
1623358346,"2021-06-10 20:52:26",51.76003,-1.234377
1623358405,"2021-06-10 20:53:25",51.7595,-1.234131
1623358616,"2021-06-10 20:56:56",51.759577,-1.234625
1623358736,"2021-06-10 20:58:56",51.759753,-1.23425
1623359336,"2021-06-10 21:08:56",51.759647,-1.23469
1623362328,"2021-06-10 21:58:48",51.749481,-1.237082
1623366589,"2021-06-10 23:09:49",51.74919,-1.2372
1623366604,"2021-06-10 23:10:04",51.749463,-1.237073
1623366665,"2021-06-10 23:11:05",51.749481,-1.237094
1623366738,"2021-06-10 23:12:18",51.749491,-1.237094
1623368538,"2021-06-10 23:42:18",51.749491,-1.237094
1623369625,"2021-06-11 00:00:25",51.749488,-1.237095
1623370539,"2021-06-11 00:15:39",51.749476,-1.237069
1623371638,"2021-06-11 00:33:58",51.749482,-1.23709
1623375670,"2021-06-11 01:41:10",51.749448,-1.237281
1623380832,"2021-06-11 03:07:12",51.749444,-1.236992
1623381005,"2021-06-11 03:10:05",51.749475,-1.23708
1623384200,"2021-06-11 04:03:20",51.749483,-1.237103
1623385440,"2021-06-11 04:24:00",51.749477,-1.237097
1623386099,"2021-06-11 04:34:59",51.749482,-1.237094
1623388184,"2021-06-11 05:09:44",51.749489,-1.237074
1623389023,"2021-06-11 05:23:43",51.749489,-1.237074
1623391184,"2021-06-11 05:59:44",51.749489,-1.237074
1623391411,"2021-06-11 06:03:31",51.749485,-1.237094
1623391742,"2021-06-11 06:09:02",51.749485,-1.237094
1623393440,"2021-06-11 06:37:20",51.749485,-1.237094
1623395846,"2021-06-11 07:17:26",51.749459,-1.23706
1623396758,"2021-06-11 07:32:38",51.749472,-1.237088
1623397740,"2021-06-11 07:49:00",51.749558,-1.237106
1623399540,"2021-06-11 08:19:00",51.749477,-1.23708
1623399965,"2021-06-11 08:26:05",51.752239,-1.236777
1623399974,"2021-06-11 08:26:14",51.749379,-1.238455
1623399996,"2021-06-11 08:26:36",51.750579,-1.237841
1623400028,"2021-06-11 08:27:08",51.748516,-1.238424
1623400059,"2021-06-11 08:27:39",51.748214,-1.239964
1623400090,"2021-06-11 08:28:10",51.747578,-1.241479
1623400124,"2021-06-11 08:28:44",51.749117,-1.243535
1623400185,"2021-06-11 08:29:45",51.748909,-1.24382
1623400209,"2021-06-11 08:30:09",51.748661,-1.243617
1623400308,"2021-06-11 08:31:48",51.748636,-1.244051
1623400490,"2021-06-11 08:34:50",51.749188,-1.244224
1623400558,"2021-06-11 08:35:58",51.749155,-1.244219
1623400732,"2021-06-11 08:38:52",51.749469,-1.244254
1623401192,"2021-06-11 08:46:32",51.74953,-1.243481
1623401215,"2021-06-11 08:46:55",51.749455,-1.244218
1623401253,"2021-06-11 08:47:33",51.749209,-1.242708
1623401271,"2021-06-11 08:47:51",51.749443,-1.244212
1623401283,"2021-06-11 08:48:03",51.749209,-1.242708
1623401301,"2021-06-11 08:48:21",51.749441,-1.244215
1623401314,"2021-06-11 08:48:34",51.749209,-1.242708
1623401331,"2021-06-11 08:48:51",51.749441,-1.24421
1623401345,"2021-06-11 08:49:05",51.749209,-1.242708
1623401363,"2021-06-11 08:49:23",51.749439,-1.244204
1623401378,"2021-06-11 08:49:38",51.74953,-1.243481
1623401392,"2021-06-11 08:49:52",51.749438,-1.244218
1623401418,"2021-06-11 08:50:18",51.74953,-1.243481
1623401453,"2021-06-11 08:50:53",51.749454,-1.24422
1623401469,"2021-06-11 08:51:09",51.74953,-1.243481
1623401482,"2021-06-11 08:51:22",51.749463,-1.244222
1623401598,"2021-06-11 08:53:18",51.749209,-1.242708
1623401634,"2021-06-11 08:53:54",51.749467,-1.244188
1623401649,"2021-06-11 08:54:09",51.749209,-1.242708
1623401661,"2021-06-11 08:54:21",51.7494,-1.244225
1623401718,"2021-06-11 08:55:18",51.74953,-1.243481
1623401752,"2021-06-11 08:55:52",51.749385,-1.24422
1623402042,"2021-06-11 09:00:42",51.749209,-1.242708
1623402050,"2021-06-11 09:00:50",51.749377,-1.244212
1623403331,"2021-06-11 09:22:11",51.749209,-1.242708
1623403346,"2021-06-11 09:22:26",51.749338,-1.244746
1623403351,"2021-06-11 09:22:31",51.748902,-1.244274
1623403356,"2021-06-11 09:22:36",51.74918,-1.244472
1623406373,"2021-06-11 10:12:53",51.749209,-1.242708
1623406382,"2021-06-11 10:13:02",51.748942,-1.244283
1623409045,"2021-06-11 10:57:25",51.74986,-1.243495
1623409070,"2021-06-11 10:57:50",51.749181,-1.244277
1623409106,"2021-06-11 10:58:26",51.74986,-1.243495
1623409119,"2021-06-11 10:58:39",51.749117,-1.244269
1623409202,"2021-06-11 11:00:02",51.748844,-1.244246
1623409218,"2021-06-11 11:00:18",51.748829,-1.243805
1623409231,"2021-06-11 11:00:31",51.748567,-1.243637
1623409380,"2021-06-11 11:03:00",51.748822,-1.243498
1623409410,"2021-06-11 11:03:30",51.749086,-1.243595
1623409444,"2021-06-11 11:04:04",51.749335,-1.243768
1623409449,"2021-06-11 11:04:09",51.749704,-1.244033
1623409454,"2021-06-11 11:04:14",51.750056,-1.244327
1623409465,"2021-06-11 11:04:25",51.750254,-1.244693
1623409499,"2021-06-11 11:04:59",51.751641,-1.246778
1623409530,"2021-06-11 11:05:30",51.752459,-1.249197
1623409558,"2021-06-11 11:05:58",51.752452,-1.249833
1623409588,"2021-06-11 11:06:28",51.752571,-1.251148
1623409622,"2021-06-11 11:07:02",51.752666,-1.253645
1623409650,"2021-06-11 11:07:30",51.752409,-1.255533
1623409679,"2021-06-11 11:07:59",51.752231,-1.257018
1623409708,"2021-06-11 11:08:28",51.751993,-1.257877
1623409739,"2021-06-11 11:08:59",51.751847,-1.258682
1623409768,"2021-06-11 11:09:28",51.75193,-1.259206
1623409799,"2021-06-11 11:09:59",51.751325,-1.260127
1623409858,"2021-06-11 11:10:58",51.751681,-1.260183
1623409888,"2021-06-11 11:11:28",51.751399,-1.260205
1623409949,"2021-06-11 11:12:29",51.751696,-1.260204
1623409979,"2021-06-11 11:12:59",51.751538,-1.259824
1623410009,"2021-06-11 11:13:29",51.752723,-1.260349
1623410038,"2021-06-11 11:13:58",51.753738,-1.260761
1623411438,"2021-06-11 11:37:18",51.754377,-1.25929
1623411660,"2021-06-11 11:41:00",51.754046,-1.259123
1623411688,"2021-06-11 11:41:28",51.754126,-1.258701
1623411719,"2021-06-11 11:41:59",51.754341,-1.257108
1623411749,"2021-06-11 11:42:29",51.754727,-1.254694
1623411779,"2021-06-11 11:42:59",51.75446,-1.25327
1623411808,"2021-06-11 11:43:28",51.753906,-1.252532
1623411839,"2021-06-11 11:43:59",51.753807,-1.251198
1623411868,"2021-06-11 11:44:28",51.752614,-1.250478
1623411899,"2021-06-11 11:44:59",51.752313,-1.248976
1623411929,"2021-06-11 11:45:29",51.752676,-1.24878
1623411959,"2021-06-11 11:45:59",51.751509,-1.246758
1623411989,"2021-06-11 11:46:29",51.750256,-1.244491
1623412018,"2021-06-11 11:46:58",51.749284,-1.243591
1623412048,"2021-06-11 11:47:28",51.748959,-1.243278
1623412256,"2021-06-11 11:50:56",51.748762,-1.244142
1623412292,"2021-06-11 11:51:32",51.748793,-1.243626
1623412382,"2021-06-11 11:53:02",51.748878,-1.24412
1623412413,"2021-06-11 11:53:33",51.749159,-1.24418
1623412592,"2021-06-11 11:56:32",51.748679,-1.243926
1623412622,"2021-06-11 11:57:02",51.748965,-1.24407
1623412772,"2021-06-11 11:59:32",51.749135,-1.24451
1623412804,"2021-06-11 12:00:04",51.748997,-1.243968
1623412911,"2021-06-11 12:01:51",51.74882,-1.244651
1623412953,"2021-06-11 12:02:33",51.749099,-1.244327
1623413222,"2021-06-11 12:07:02",51.749039,-1.24371
1623413252,"2021-06-11 12:07:32",51.748969,-1.244193
1623416200,"2021-06-11 12:56:40",51.749153,-1.244611
1623416638,"2021-06-11 13:03:58",51.749126,-1.244091
1623420726,"2021-06-11 14:12:06",51.748865,-1.243963
1623424296,"2021-06-11 15:11:36",51.749119,-1.244202
1623425276,"2021-06-11 15:27:56",51.749014,-1.244186
1623425486,"2021-06-11 15:31:26",51.748847,-1.243828
1623425546,"2021-06-11 15:32:26",51.748935,-1.244461
1623425786,"2021-06-11 15:36:26",51.748705,-1.244195
1623426324,"2021-06-11 15:45:24",51.748732,-1.244092
1623434001,"2021-06-11 17:53:21",51.748954,-1.24309
1623434025,"2021-06-11 17:53:45",51.749156,-1.243796
1623434055,"2021-06-11 17:54:15",51.749149,-1.243991
1623434080,"2021-06-11 17:54:40",51.748866,-1.244149
1623434114,"2021-06-11 17:55:14",51.749157,-1.244233
1623434678,"2021-06-11 18:04:38",51.747895,-1.24227
1623434697,"2021-06-11 18:04:57",51.748966,-1.244135
1623434785,"2021-06-11 18:06:25",51.749054,-1.243692
1623434806,"2021-06-11 18:06:46",51.748967,-1.244115
1623434817,"2021-06-11 18:06:57",51.749055,-1.243704
1623434940,"2021-06-11 18:09:00",51.749022,-1.243265
1623434960,"2021-06-11 18:09:20",51.7488,-1.243016
1623434972,"2021-06-11 18:09:32",51.748569,-1.242755
1623434980,"2021-06-11 18:09:40",51.748335,-1.242524
1623434986,"2021-06-11 18:09:46",51.74789,-1.242107
1623434992,"2021-06-11 18:09:52",51.747593,-1.241846
1623434998,"2021-06-11 18:09:58",51.747343,-1.241597
1623435035,"2021-06-11 18:10:35",51.746944,-1.240208
1623435065,"2021-06-11 18:11:05",51.747881,-1.238837
1623435095,"2021-06-11 18:11:35",51.748249,-1.238052
1623435125,"2021-06-11 18:12:05",51.748487,-1.2371
1623435156,"2021-06-11 18:12:36",51.749568,-1.237133
1623435244,"2021-06-11 18:14:04",51.750579,-1.237841
1623435259,"2021-06-11 18:14:19",51.749552,-1.2371
1623436275,"2021-06-11 18:31:15",51.74994,-1.235917
1623436312,"2021-06-11 18:31:52",51.750796,-1.236735
1623436341,"2021-06-11 18:32:21",51.751816,-1.237049
1623436402,"2021-06-11 18:33:22",51.752567,-1.236909
1623436432,"2021-06-11 18:33:52",51.753916,-1.236012
1623436462,"2021-06-11 18:34:22",51.755204,-1.235795
1623436492,"2021-06-11 18:34:52",51.756337,-1.235663
1623436522,"2021-06-11 18:35:22",51.757893,-1.235782
1623436552,"2021-06-11 18:35:52",51.759423,-1.23583
1623436581,"2021-06-11 18:36:21",51.760676,-1.235951
1623436612,"2021-06-11 18:36:52",51.761688,-1.235872
1623436641,"2021-06-11 18:37:21",51.762871,-1.235409
1623436672,"2021-06-11 18:37:52",51.762868,-1.233793
1623436701,"2021-06-11 18:38:21",51.762998,-1.232521
1623436733,"2021-06-11 18:38:53",51.76296,-1.231953
1623436764,"2021-06-11 18:39:24",51.763254,-1.231644
1623436794,"2021-06-11 18:39:54",51.763051,-1.231205
1623436853,"2021-06-11 18:40:53",51.763426,-1.230358
1623436881,"2021-06-11 18:41:21",51.763155,-1.229683
1623436911,"2021-06-11 18:41:51",51.76309,-1.229124
1623436943,"2021-06-11 18:42:23",51.762716,-1.228704
1623437031,"2021-06-11 18:43:51",51.763871,-1.228193
1623437041,"2021-06-11 18:44:01",51.764155,-1.228536
1623437056,"2021-06-11 18:44:16",51.762848,-1.228678
1623438844,"2021-06-11 19:14:04",51.762752,-1.228403
1623440364,"2021-06-11 19:39:24",51.763819,-1.23312
1623440376,"2021-06-11 19:39:36",51.762761,-1.228913
1623440448,"2021-06-11 19:40:48",51.762724,-1.228396
1623440462,"2021-06-11 19:41:02",51.762972,-1.228666
1623440542,"2021-06-11 19:42:22",51.765515,-1.228644
1623440551,"2021-06-11 19:42:31",51.762918,-1.228748
1623440574,"2021-06-11 19:42:54",51.765515,-1.228644
1623440605,"2021-06-11 19:43:25",51.760424,-1.24245
1623440621,"2021-06-11 19:43:41",51.762928,-1.228778
1623440631,"2021-06-11 19:43:51",51.763819,-1.23312
1623440643,"2021-06-11 19:44:03",51.762929,-1.228791
1623440738,"2021-06-11 19:45:38",51.76277,-1.235427
1623440767,"2021-06-11 19:46:07",51.761982,-1.236015
1623440796,"2021-06-11 19:46:36",51.760687,-1.235605
1623440826,"2021-06-11 19:47:06",51.759399,-1.235599
1623440857,"2021-06-11 19:47:37",51.757961,-1.235414
1623440888,"2021-06-11 19:48:08",51.756774,-1.235484
1623440917,"2021-06-11 19:48:37",51.755629,-1.235739
1623440948,"2021-06-11 19:49:08",51.754414,-1.235831
1623440979,"2021-06-11 19:49:39",51.75282,-1.237162
1623441008,"2021-06-11 19:50:08",51.752121,-1.237155
1623441066,"2021-06-11 19:51:06",51.751514,-1.237073
1623441097,"2021-06-11 19:51:37",51.750658,-1.236067
1623441112,"2021-06-11 19:51:52",51.750269,-1.235932
1623441127,"2021-06-11 19:52:07",51.749961,-1.236878
1623441143,"2021-06-11 19:52:23",51.750591,-1.236704
1623441158,"2021-06-11 19:52:38",51.749687,-1.237363
1623441174,"2021-06-11 19:52:54",51.750591,-1.236704
1623441186,"2021-06-11 19:53:06",51.749333,-1.236964
1623441226,"2021-06-11 19:53:46",51.749626,-1.236754
1623441247,"2021-06-11 19:54:07",51.749589,-1.237244
1623441279,"2021-06-11 19:54:39",51.749855,-1.237333
1623441298,"2021-06-11 19:54:58",51.749462,-1.237063
1623441372,"2021-06-11 19:56:12",51.749022,-1.23702
1623441396,"2021-06-11 19:56:36",51.749462,-1.237064
1623441522,"2021-06-11 19:58:42",51.749172,-1.237025
1623443117,"2021-06-11 20:25:17",51.749461,-1.237058
1623446445,"2021-06-11 21:20:45",51.749464,-1.237067
1623450123,"2021-06-11 22:22:03",51.749464,-1.237071
1623453030,"2021-06-11 23:10:30",51.749464,-1.237071
1623453948,"2021-06-11 23:25:48",51.749477,-1.23707
1623454114,"2021-06-11 23:28:34",51.749477,-1.23707
1623454263,"2021-06-11 23:31:03",51.74949,-1.237079
1623480613,"2021-06-12 06:50:13",51.749442,-1.237107
1623483689,"2021-06-12 07:41:29",51.749537,-1.237096
1623484659,"2021-06-12 07:57:39",51.74948,-1.237084
1623486903,"2021-06-12 08:35:03",51.749476,-1.237077
1623487831,"2021-06-12 08:50:31",51.74949,-1.237077
1623488685,"2021-06-12 09:04:45",51.74949,-1.237077
1623488856,"2021-06-12 09:07:36",51.74949,-1.237077
1623490506,"2021-06-12 09:35:06",51.74949,-1.237077
1623493061,"2021-06-12 10:17:41",51.74949,-1.237077
1623494049,"2021-06-12 10:34:09",51.749492,-1.237093
1623494995,"2021-06-12 10:49:55",51.749457,-1.237057
1623495971,"2021-06-12 11:06:11",51.749456,-1.237047
1623500215,"2021-06-12 12:16:55",51.74945,-1.237107
1623503114,"2021-06-12 13:05:14",51.74946,-1.237064
1623503129,"2021-06-12 13:05:29",51.749755,-1.236926
1623503145,"2021-06-12 13:05:45",51.749505,-1.237095
1623506457,"2021-06-12 14:00:57",51.750514,-1.237494
1623507740,"2021-06-12 14:22:20",51.750514,-1.237494
1623507935,"2021-06-12 14:25:35",51.748063,-1.23747
1623507987,"2021-06-12 14:26:27",51.750514,-1.237494
1623508024,"2021-06-12 14:27:04",51.747966,-1.237399
1623508038,"2021-06-12 14:27:18",51.750514,-1.237494
1623508068,"2021-06-12 14:27:48",51.747966,-1.237399
1623508197,"2021-06-12 14:29:57",51.750514,-1.237494
1623508261,"2021-06-12 14:31:01",51.747946,-1.237424
1623508293,"2021-06-12 14:31:33",51.750546,-1.23735
1623508422,"2021-06-12 14:33:42",51.747945,-1.237432
1623508435,"2021-06-12 14:33:55",51.750577,-1.237205
1623508494,"2021-06-12 14:34:54",51.747944,-1.237433
1623508517,"2021-06-12 14:35:17",51.750514,-1.237494
1623508527,"2021-06-12 14:35:27",51.75124,-1.237079
1623508544,"2021-06-12 14:35:44",51.747944,-1.237433
1623508558,"2021-06-12 14:35:58",51.75143,-1.236844
1623508578,"2021-06-12 14:36:18",51.747944,-1.237433
1623508685,"2021-06-12 14:38:05",51.750577,-1.237205
1623508706,"2021-06-12 14:38:26",51.747939,-1.23744
1623508763,"2021-06-12 14:39:23",51.750577,-1.237205
1623508773,"2021-06-12 14:39:33",51.751274,-1.23691
1623508783,"2021-06-12 14:39:43",51.747939,-1.237439
1623508994,"2021-06-12 14:43:14",51.747909,-1.236919
1623509025,"2021-06-12 14:43:45",51.747664,-1.236392
1623509054,"2021-06-12 14:44:14",51.747603,-1.235853
1623509114,"2021-06-12 14:45:14",51.747644,-1.236384
1623509145,"2021-06-12 14:45:45",51.747908,-1.237328
1623509174,"2021-06-12 14:46:14",51.748904,-1.237061
1623509204,"2021-06-12 14:46:44",51.749567,-1.237041
1623509233,"2021-06-12 14:47:13",51.750514,-1.237494
1623509253,"2021-06-12 14:47:33",51.749585,-1.236965
1623509274,"2021-06-12 14:47:54",51.749969,-1.23697
1623509284,"2021-06-12 14:48:04",51.752282,-1.236483
1623509295,"2021-06-12 14:48:15",51.749567,-1.237002
1623509404,"2021-06-12 14:50:04",51.752282,-1.236483
1623509415,"2021-06-12 14:50:15",51.749497,-1.237158
1623509854,"2021-06-12 14:57:34",51.749924,-1.236737
1623509883,"2021-06-12 14:58:03",51.750495,-1.236226
1623509912,"2021-06-12 14:58:32",51.751428,-1.237372
1623509937,"2021-06-12 14:58:57",51.752282,-1.236483
1623509973,"2021-06-12 14:59:33",51.751863,-1.237162
1623510027,"2021-06-12 15:00:27",51.752282,-1.236483
1623510063,"2021-06-12 15:01:03",51.755144,-1.235723
1623510093,"2021-06-12 15:01:33",51.756468,-1.23561
1623510124,"2021-06-12 15:02:04",51.758228,-1.23581
1623510153,"2021-06-12 15:02:33",51.759738,-1.235868
1623510182,"2021-06-12 15:03:02",51.76122,-1.235785
1623510213,"2021-06-12 15:03:33",51.762547,-1.23565
1623510244,"2021-06-12 15:04:04",51.762895,-1.234312
1623510273,"2021-06-12 15:04:33",51.762924,-1.232991
1623510303,"2021-06-12 15:05:03",51.762894,-1.232348
1623510334,"2021-06-12 15:05:34",51.763031,-1.231695
1623510364,"2021-06-12 15:06:04",51.763163,-1.231203
1623510424,"2021-06-12 15:07:04",51.763194,-1.230232
1623510454,"2021-06-12 15:07:34",51.76318,-1.229467
1623510484,"2021-06-12 15:08:04",51.763028,-1.228721
1623510514,"2021-06-12 15:08:34",51.762639,-1.228571
1623510644,"2021-06-12 15:10:44",51.762988,-1.228721
1623514564,"2021-06-12 16:16:04",51.765628,-1.232243
1623514587,"2021-06-12 16:16:27",51.766423,-1.234977
1623514670,"2021-06-12 16:17:50",51.765628,-1.232243
1623514685,"2021-06-12 16:18:05",51.766188,-1.234972
1623514769,"2021-06-12 16:19:29",51.765628,-1.232243
1623514783,"2021-06-12 16:19:43",51.76627,-1.234976
1623514856,"2021-06-12 16:20:56",51.765628,-1.232243
1623514879,"2021-06-12 16:21:19",51.766153,-1.235
1623514920,"2021-06-12 16:22:00",51.766042,-1.234418
1623514978,"2021-06-12 16:22:58",51.766138,-1.235005
1623515191,"2021-06-12 16:26:31",51.765315,-1.234207
1623515221,"2021-06-12 16:27:01",51.764511,-1.234633
1623515251,"2021-06-12 16:27:31",51.763091,-1.235382
1623515281,"2021-06-12 16:28:01",51.76167,-1.235538
1623515311,"2021-06-12 16:28:31",51.760412,-1.235666
1623515342,"2021-06-12 16:29:02",51.759202,-1.235691
1623515372,"2021-06-12 16:29:32",51.757591,-1.235481
1623515401,"2021-06-12 16:30:01",51.756207,-1.235487
1623515431,"2021-06-12 16:30:31",51.754738,-1.235856
1623515461,"2021-06-12 16:31:01",51.753062,-1.236173
1623515474,"2021-06-12 16:31:14",51.75057,-1.236856
1623515493,"2021-06-12 16:31:33",51.752138,-1.236849
1623515521,"2021-06-12 16:32:01",51.75184,-1.236969
1623515552,"2021-06-12 16:32:32",51.75083,-1.236641
1623515580,"2021-06-12 16:33:00",51.750149,-1.236062
1623515611,"2021-06-12 16:33:31",51.749483,-1.237108
1623515670,"2021-06-12 16:34:30",51.75057,-1.236856
1623515690,"2021-06-12 16:34:50",51.749449,-1.237086
1623515915,"2021-06-12 16:38:35",51.749489,-1.236443
1623515946,"2021-06-12 16:39:06",51.749184,-1.237052
1623515979,"2021-06-12 16:39:39",51.749551,-1.23686
1623517773,"2021-06-12 17:09:33",51.749606,-1.236978
1623517804,"2021-06-12 17:10:04",51.749903,-1.237166
1623517834,"2021-06-12 17:10:34",51.749882,-1.237925
1623517863,"2021-06-12 17:11:03",51.749461,-1.237113
1623517884,"2021-06-12 17:11:24",51.750577,-1.237205
1623517896,"2021-06-12 17:11:36",51.749448,-1.237118
1623518223,"2021-06-12 17:17:03",51.749837,-1.237867
1623518237,"2021-06-12 17:17:17",51.750546,-1.23735
1623518253,"2021-06-12 17:17:33",51.749141,-1.23834
1623518284,"2021-06-12 17:18:04",51.748566,-1.238889
1623518315,"2021-06-12 17:18:35",51.748989,-1.241108
1623518344,"2021-06-12 17:19:04",51.749806,-1.243499
1623518362,"2021-06-12 17:19:22",51.749527,-1.243495
1623518374,"2021-06-12 17:19:34",51.750467,-1.244867
1623518403,"2021-06-12 17:20:03",51.751165,-1.246212
1623518435,"2021-06-12 17:20:35",51.752249,-1.248948
1623518465,"2021-06-12 17:21:05",51.752636,-1.250858
1623518494,"2021-06-12 17:21:34",51.752628,-1.2525
1623518523,"2021-06-12 17:22:03",51.752421,-1.254563
1623518554,"2021-06-12 17:22:34",51.752059,-1.256513
1623518584,"2021-06-12 17:23:04",51.7518,-1.258183
1623518613,"2021-06-12 17:23:33",51.751674,-1.259853
1623518643,"2021-06-12 17:24:03",51.751631,-1.26083
1623518704,"2021-06-12 17:25:04",51.752381,-1.262208
1623518733,"2021-06-12 17:25:33",51.751986,-1.262466
1623518853,"2021-06-12 17:27:33",51.751824,-1.263075
1623526165,"2021-06-12 19:29:25",51.751846,-1.26301
1623526405,"2021-06-12 19:33:25",51.752202,-1.262323
1623526496,"2021-06-12 19:34:56",51.752158,-1.261703
1623526556,"2021-06-12 19:35:56",51.751955,-1.261213
1623526586,"2021-06-12 19:36:26",51.751763,-1.260858
1623526647,"2021-06-12 19:37:27",51.75166,-1.260029
1623526676,"2021-06-12 19:37:56",51.751868,-1.259655
1623526741,"2021-06-12 19:39:01",51.752291,-1.26061
1623526798,"2021-06-12 19:39:58",51.752564,-1.260398
1623526917,"2021-06-12 19:41:57",51.752849,-1.260459
1623526946,"2021-06-12 19:42:26",51.753055,-1.259867
1623526977,"2021-06-12 19:42:57",51.753392,-1.259414
1623527217,"2021-06-12 19:46:57",51.753402,-1.259289
1623530783,"2021-06-12 20:46:23",51.753322,-1.259933
1623530827,"2021-06-12 20:47:07",51.753262,-1.260368
1623530845,"2021-06-12 20:47:25",51.753487,-1.260871
1623530917,"2021-06-12 20:48:37",51.75404,-1.261382
1623530947,"2021-06-12 20:49:07",51.75433,-1.261291
1623531006,"2021-06-12 20:50:06",51.754785,-1.261343
1623531066,"2021-06-12 20:51:06",51.755418,-1.261559
1623531132,"2021-06-12 20:52:12",51.755852,-1.261815
1623531186,"2021-06-12 20:53:06",51.756126,-1.262126
1623531216,"2021-06-12 20:53:36",51.756638,-1.26208
1623531246,"2021-06-12 20:54:06",51.75694,-1.262184
1623531276,"2021-06-12 20:54:36",51.757284,-1.262336
1623531336,"2021-06-12 20:55:36",51.757499,-1.261815
1623531366,"2021-06-12 20:56:06",51.757948,-1.26218
1623531430,"2021-06-12 20:57:10",51.758348,-1.262655
1623531457,"2021-06-12 20:57:37",51.758098,-1.262993
1623531513,"2021-06-12 20:58:33",51.759692,-1.262048
1623531546,"2021-06-12 20:59:06",51.757843,-1.263621
1623531636,"2021-06-12 21:00:36",51.757847,-1.264452
1623531666,"2021-06-12 21:01:06",51.757669,-1.26479
1623531701,"2021-06-12 21:01:41",51.759692,-1.262048
1623531726,"2021-06-12 21:02:06",51.757783,-1.264672
1623531732,"2021-06-12 21:02:12",51.759692,-1.262048
1623531756,"2021-06-12 21:02:36",51.757689,-1.26464
1623531763,"2021-06-12 21:02:43",51.759692,-1.262048
1623531786,"2021-06-12 21:03:06",51.757767,-1.264695
1623531794,"2021-06-12 21:03:14",51.759692,-1.262048
1623531817,"2021-06-12 21:03:37",51.757772,-1.264536
1623531826,"2021-06-12 21:03:46",51.759692,-1.262048
1623531846,"2021-06-12 21:04:06",51.758029,-1.263718
1623531877,"2021-06-12 21:04:37",51.758541,-1.262266
1623531906,"2021-06-12 21:05:06",51.758962,-1.260811
1623531935,"2021-06-12 21:05:35",51.75809,-1.260144
1623531967,"2021-06-12 21:06:07",51.756667,-1.259606
1623531998,"2021-06-12 21:06:38",51.755072,-1.2592
1623532026,"2021-06-12 21:07:06",51.754267,-1.258358
1623532056,"2021-06-12 21:07:36",51.754264,-1.256812
1623532087,"2021-06-12 21:08:07",51.753825,-1.25636
1623532116,"2021-06-12 21:08:36",51.752816,-1.256061
1623532146,"2021-06-12 21:09:06",51.752342,-1.255413
1623532176,"2021-06-12 21:09:36",51.752717,-1.253801
1623532207,"2021-06-12 21:10:07",51.752874,-1.25159
1623532237,"2021-06-12 21:10:37",51.752507,-1.249366
1623532267,"2021-06-12 21:11:07",51.75222,-1.247874
1623532296,"2021-06-12 21:11:36",51.751047,-1.245807
1623532327,"2021-06-12 21:12:07",51.750307,-1.243757
1623532357,"2021-06-12 21:12:37",51.750462,-1.241189
1623532386,"2021-06-12 21:13:06",51.750761,-1.239394
1623532416,"2021-06-12 21:13:36",51.749741,-1.238199
1623532447,"2021-06-12 21:14:07",51.749591,-1.237208
1623532505,"2021-06-12 21:15:05",51.750514,-1.237494
1623532542,"2021-06-12 21:15:42",51.749487,-1.237254
1623532637,"2021-06-12 21:17:17",51.749811,-1.236717
1623532655,"2021-06-12 21:17:35",51.749483,-1.237079
1623535077,"2021-06-12 21:57:57",51.749459,-1.237061
1623535089,"2021-06-12 21:58:09",51.749198,-1.237068
1623536087,"2021-06-12 22:14:47",51.749468,-1.237063
1623538664,"2021-06-12 22:57:44",51.749465,-1.237061
1623539644,"2021-06-12 23:14:04",51.749462,-1.237059
1623540558,"2021-06-12 23:29:18",51.749478,-1.237092
1623540864,"2021-06-12 23:34:24",51.74949,-1.237078
1623542739,"2021-06-13 00:05:39",51.74949,-1.237078
1623543705,"2021-06-13 00:21:45",51.749487,-1.237089
1623544680,"2021-06-13 00:38:00",51.749482,-1.237093
1623545143,"2021-06-13 00:45:43",51.749483,-1.23708
1623548296,"2021-06-13 01:38:16",51.749503,-1.237111
1623550523,"2021-06-13 02:15:23",51.749503,-1.237111
1623551901,"2021-06-13 02:38:21",51.749474,-1.237102
1623552317,"2021-06-13 02:45:17",51.749475,-1.237078
1623566304,"2021-06-13 06:38:24",51.749576,-1.237096
1623567800,"2021-06-13 07:03:20",51.749475,-1.237041
1623568707,"2021-06-13 07:18:27",51.749475,-1.237041
1623569908,"2021-06-13 07:38:28",51.749475,-1.237041
1623572000,"2021-06-13 08:13:20",51.749482,-1.237074
1623572900,"2021-06-13 08:28:20",51.749491,-1.237072
1623573800,"2021-06-13 08:43:20",51.749482,-1.23709
1623574715,"2021-06-13 08:58:35",51.749488,-1.237074
1623575614,"2021-06-13 09:13:34",51.749308,-1.237415
1623575624,"2021-06-13 09:13:44",51.749483,-1.23711
1623575650,"2021-06-13 09:14:10",51.749492,-1.237092
1623576559,"2021-06-13 09:29:19",51.749492,-1.237092
1623576891,"2021-06-13 09:34:51",51.749492,-1.237092
1623578775,"2021-06-13 10:06:15",51.749492,-1.237092
1623580090,"2021-06-13 10:28:10",51.749492,-1.237092
1623581170,"2021-06-13 10:46:10",51.749492,-1.237092
1623582427,"2021-06-13 11:07:07",51.749492,-1.237092
1623584678,"2021-06-13 11:44:38",51.749492,-1.237092
1623587537,"2021-06-13 12:32:17",51.749456,-1.237065
1623587606,"2021-06-13 12:33:26",51.74979,-1.237264
1623587651,"2021-06-13 12:34:11",51.74973,-1.237699
1623587694,"2021-06-13 12:34:54",51.749408,-1.237308
1623588663,"2021-06-13 12:51:03",51.749453,-1.237078
1623589634,"2021-06-13 13:07:14",51.750465,-1.237391
1623589650,"2021-06-13 13:07:30",51.749401,-1.237349
1623589667,"2021-06-13 13:07:47",51.749883,-1.237121
1623589697,"2021-06-13 13:08:17",51.750465,-1.237391
1623589728,"2021-06-13 13:08:48",51.748925,-1.238436
1623589767,"2021-06-13 13:09:27",51.747082,-1.240203
1623589796,"2021-06-13 13:09:56",51.746154,-1.240826
1623589827,"2021-06-13 13:10:27",51.744416,-1.240198
1623589858,"2021-06-13 13:10:58",51.743812,-1.241774
1623589887,"2021-06-13 13:11:27",51.742316,-1.241415
1623589917,"2021-06-13 13:11:57",51.740894,-1.240916
1623589948,"2021-06-13 13:12:28",51.739288,-1.240595
1623589977,"2021-06-13 13:12:57",51.738078,-1.240721
1623590006,"2021-06-13 13:13:26",51.73675,-1.240455
1623590037,"2021-06-13 13:13:57",51.735905,-1.241062
1623590067,"2021-06-13 13:14:27",51.735501,-1.243025
1623590097,"2021-06-13 13:14:57",51.734877,-1.245625
1623590127,"2021-06-13 13:15:27",51.734727,-1.247659
1623590157,"2021-06-13 13:15:57",51.734973,-1.249626
1623590187,"2021-06-13 13:16:27",51.73458,-1.251374
1623590217,"2021-06-13 13:16:57",51.734556,-1.252828
1623590247,"2021-06-13 13:17:27",51.735709,-1.254099
1623590276,"2021-06-13 13:17:56",51.737033,-1.255519
1623590307,"2021-06-13 13:18:27",51.737373,-1.256484
1623590337,"2021-06-13 13:18:57",51.738574,-1.256841
1623590367,"2021-06-13 13:19:27",51.739037,-1.257035
1623590391,"2021-06-13 13:19:51",51.739419,-1.256845
1623590782,"2021-06-13 13:26:22",51.739728,-1.256645
1623591083,"2021-06-13 13:31:23",51.739691,-1.257244
1623591201,"2021-06-13 13:33:21",51.739728,-1.256795
1623595448,"2021-06-13 14:44:08",51.739454,-1.257031
1623595479,"2021-06-13 14:44:39",51.739505,-1.256917
1623595777,"2021-06-13 14:49:37",51.738784,-1.256674
1623595807,"2021-06-13 14:50:07",51.738195,-1.256594
1623595838,"2021-06-13 14:50:38",51.73737,-1.256374
1623595866,"2021-06-13 14:51:06",51.737065,-1.255551
1623595896,"2021-06-13 14:51:36",51.736045,-1.25436
1623595928,"2021-06-13 14:52:08",51.735059,-1.25321
1623595957,"2021-06-13 14:52:37",51.734268,-1.252266
1623595987,"2021-06-13 14:53:07",51.734773,-1.250738
1623596047,"2021-06-13 14:54:07",51.735203,-1.248312
1623596077,"2021-06-13 14:54:37",51.734678,-1.247116
1623596107,"2021-06-13 14:55:07",51.734955,-1.245322
1623596137,"2021-06-13 14:55:37",51.735454,-1.243251
1623596167,"2021-06-13 14:56:07",51.735749,-1.241683
1623596196,"2021-06-13 14:56:36",51.73656,-1.240334
1623596227,"2021-06-13 14:57:07",51.737839,-1.240735
1623596257,"2021-06-13 14:57:37",51.739067,-1.240483
1623596287,"2021-06-13 14:58:07",51.740347,-1.240864
1623596317,"2021-06-13 14:58:37",51.741923,-1.241188
1623596346,"2021-06-13 14:59:06",51.74309,-1.24173
1623596378,"2021-06-13 14:59:38",51.744123,-1.240986
1623596407,"2021-06-13 15:00:07",51.744459,-1.240284
1623596437,"2021-06-13 15:00:37",51.745399,-1.240638
1623596467,"2021-06-13 15:01:07",51.746457,-1.24097
1623596497,"2021-06-13 15:01:37",51.74732,-1.239477
1623596527,"2021-06-13 15:02:07",51.748228,-1.238609
1623596557,"2021-06-13 15:02:37",51.748013,-1.237483
1623596587,"2021-06-13 15:03:07",51.749357,-1.2369
1623596663,"2021-06-13 15:04:23",51.750465,-1.237391
1623596677,"2021-06-13 15:04:37",51.749463,-1.236905
1623596694,"2021-06-13 15:04:54",51.750465,-1.237391
1623596708,"2021-06-13 15:05:08",51.749431,-1.237411
1623596767,"2021-06-13 15:06:07",51.752286,-1.236623
1623596788,"2021-06-13 15:06:28",51.749427,-1.237364
1623597477,"2021-06-13 15:17:57",51.749465,-1.237057
1623598995,"2021-06-13 15:43:15",51.749465,-1.237057
1623599001,"2021-06-13 15:43:21",51.749463,-1.236885
1623599912,"2021-06-13 15:58:32",51.749468,-1.23713
1623600816,"2021-06-13 16:13:36",51.749455,-1.237101
1623601239,"2021-06-13 16:20:39",51.749454,-1.237087
1623603409,"2021-06-13 16:56:49",51.752239,-1.236777
1623603429,"2021-06-13 16:57:09",51.750333,-1.2357
1623603445,"2021-06-13 16:57:25",51.751192,-1.237058
1623603461,"2021-06-13 16:57:41",51.751572,-1.237506
1623603475,"2021-06-13 16:57:55",51.751792,-1.237059
1623603493,"2021-06-13 16:58:13",51.751572,-1.237506
1623603505,"2021-06-13 16:58:25",51.752572,-1.236757
1623603525,"2021-06-13 16:58:45",51.752239,-1.236777
1623603535,"2021-06-13 16:58:55",51.753829,-1.236128
1623603565,"2021-06-13 16:59:25",51.755156,-1.23564
1623603595,"2021-06-13 16:59:55",51.756546,-1.235559
1623603626,"2021-06-13 17:00:26",51.758162,-1.235684
1623603655,"2021-06-13 17:00:55",51.759672,-1.235799
1623603686,"2021-06-13 17:01:26",51.761131,-1.23583
1623603715,"2021-06-13 17:01:55",51.762471,-1.235603
1623603745,"2021-06-13 17:02:25",51.762883,-1.233774
1623603775,"2021-06-13 17:02:55",51.762881,-1.232286
1623603805,"2021-06-13 17:03:25",51.762905,-1.231661
1623603867,"2021-06-13 17:04:27",51.763157,-1.23099
1623603897,"2021-06-13 17:04:57",51.763159,-1.230217
1623603925,"2021-06-13 17:05:25",51.763183,-1.229623
1623603955,"2021-06-13 17:05:55",51.76304,-1.229117
1623603986,"2021-06-13 17:06:26",51.762807,-1.228826
1623606278,"2021-06-13 17:44:38",51.762958,-1.228814
1623607909,"2021-06-13 18:11:49",51.759224,-1.235848
1623608005,"2021-06-13 18:13:25",51.758927,-1.235777
1623608035,"2021-06-13 18:13:55",51.757895,-1.235678
1623608055,"2021-06-13 18:14:15",51.758182,-1.235282
1623608066,"2021-06-13 18:14:26",51.756598,-1.235435
1623608088,"2021-06-13 18:14:48",51.756343,-1.235602
1623608116,"2021-06-13 18:15:16",51.754884,-1.236136
1623608126,"2021-06-13 18:15:26",51.753595,-1.235939
1623608147,"2021-06-13 18:15:47",51.750603,-1.235567
1623608178,"2021-06-13 18:16:18",51.752125,-1.236877
1623608209,"2021-06-13 18:16:49",51.750603,-1.235567
1623608245,"2021-06-13 18:17:25",51.749989,-1.236927
1623608271,"2021-06-13 18:17:51",51.750905,-1.238234
1623608306,"2021-06-13 18:18:26",51.749487,-1.237128
1623609526,"2021-06-13 18:38:46",51.749463,-1.237059
1623610115,"2021-06-13 18:48:35",51.749453,-1.237073
1623610595,"2021-06-13 18:56:35",51.749442,-1.237087
1623610707,"2021-06-13 18:58:27",51.749442,-1.237087
1623610844,"2021-06-13 19:00:44",51.749442,-1.237087
1623610975,"2021-06-13 19:02:55",51.749442,-1.237087
1623611103,"2021-06-13 19:05:03",51.749442,-1.237087
1623611177,"2021-06-13 19:06:17",51.749442,-1.237087
1623611297,"2021-06-13 19:08:17",51.749442,-1.237087
1623611393,"2021-06-13 19:09:53",51.749442,-1.237087
1623611543,"2021-06-13 19:12:23",51.749442,-1.237087
1623614279,"2021-06-13 19:57:59",51.749442,-1.237087
1623615326,"2021-06-13 20:15:26",51.749442,-1.237087
1623615518,"2021-06-13 20:18:38",51.749442,-1.237087
1623616384,"2021-06-13 20:33:04",51.749442,-1.237087
1623618184,"2021-06-13 21:03:04",51.749475,-1.237091
1623619084,"2021-06-13 21:18:04",51.749478,-1.237097
1623620025,"2021-06-13 21:33:45",51.749459,-1.237062
1623620932,"2021-06-13 21:48:52",51.749459,-1.237062
1623621846,"2021-06-13 22:04:06",51.74949,-1.23708
1623622765,"2021-06-13 22:19:25",51.74949,-1.23708
1623623861,"2021-06-13 22:37:41",51.749476,-1.23708
1623624201,"2021-06-13 22:43:21",51.749476,-1.23708
1623636203,"2021-06-14 02:03:23",51.749545,-1.237133
1623644449,"2021-06-14 04:20:49",51.749545,-1.237133
1623648668,"2021-06-14 05:31:08",51.749545,-1.237133
1623649594,"2021-06-14 05:46:34",51.749483,-1.237063
1623650578,"2021-06-14 06:02:58",51.749459,-1.237059
1623651686,"2021-06-14 06:21:26",51.749486,-1.237089
1623652959,"2021-06-14 06:42:39",51.749496,-1.237087
1623653219,"2021-06-14 06:46:59",51.74993,-1.23683
1623653280,"2021-06-14 06:48:00",51.749182,-1.238308
1623653311,"2021-06-14 06:48:31",51.748286,-1.238498
1623653341,"2021-06-14 06:49:01",51.748224,-1.239907
1623653371,"2021-06-14 06:49:31",51.74744,-1.241438
1623653401,"2021-06-14 06:50:01",51.747949,-1.24247
1623653431,"2021-06-14 06:50:31",51.749087,-1.243656
1623653444,"2021-06-14 06:50:44",51.74953,-1.243481
1623653461,"2021-06-14 06:51:01",51.749014,-1.243848
1623653476,"2021-06-14 06:51:16",51.74953,-1.243481
1623653492,"2021-06-14 06:51:32",51.748985,-1.243773
1623653508,"2021-06-14 06:51:48",51.74953,-1.243481
1623653521,"2021-06-14 06:52:01",51.748985,-1.243831
1623653546,"2021-06-14 06:52:26",51.749209,-1.242708
1623653576,"2021-06-14 06:52:56",51.749572,-1.242517
1623653614,"2021-06-14 06:53:34",51.748969,-1.243887
1623653690,"2021-06-14 06:54:50",51.749057,-1.244312
1623653839,"2021-06-14 06:57:19",51.748803,-1.24414
1623655694,"2021-06-14 07:28:14",51.74953,-1.243481
1623655706,"2021-06-14 07:28:26",51.749353,-1.24452
1623658406,"2021-06-14 08:13:26",51.74953,-1.243481
1623658415,"2021-06-14 08:13:35",51.749295,-1.24443
1623659998,"2021-06-14 08:39:58",51.74953,-1.243481
1623660018,"2021-06-14 08:40:18",51.749398,-1.244054
1623660085,"2021-06-14 08:41:25",51.749038,-1.244133
1623660104,"2021-06-14 08:41:44",51.749021,-1.244129
1623660244,"2021-06-14 08:44:04",51.74953,-1.243481
1623660258,"2021-06-14 08:44:18",51.749249,-1.244161
1623660274,"2021-06-14 08:44:34",51.74953,-1.243481
1623660290,"2021-06-14 08:44:50",51.749216,-1.244133
1623660304,"2021-06-14 08:45:04",51.74953,-1.243481
1623660325,"2021-06-14 08:45:25",51.749215,-1.244123
1623660365,"2021-06-14 08:46:05",51.74953,-1.243481
1623660382,"2021-06-14 08:46:22",51.749234,-1.244115
1623660394,"2021-06-14 08:46:34",51.74953,-1.243481
1623660410,"2021-06-14 08:46:50",51.749232,-1.24412
1623660464,"2021-06-14 08:47:44",51.74953,-1.243481
1623660473,"2021-06-14 08:47:53",51.749138,-1.244121
1623660485,"2021-06-14 08:48:05",51.74953,-1.243481
1623660503,"2021-06-14 08:48:23",51.749091,-1.244115
1623660524,"2021-06-14 08:48:44",51.74953,-1.243481
1623660558,"2021-06-14 08:49:18",51.749067,-1.244104
1623660584,"2021-06-14 08:49:44",51.74953,-1.243481
1623660605,"2021-06-14 08:50:05",51.749209,-1.242708
1623660622,"2021-06-14 08:50:22",51.749012,-1.244035
1623660635,"2021-06-14 08:50:35",51.749209,-1.242708
1623660662,"2021-06-14 08:51:02",51.748991,-1.243947
1623660674,"2021-06-14 08:51:14",51.749209,-1.242708
1623660694,"2021-06-14 08:51:34",51.74953,-1.243481
1623660704,"2021-06-14 08:51:44",51.749219,-1.242732
1623660724,"2021-06-14 08:52:04",51.74953,-1.243481
1623660750,"2021-06-14 08:52:30",51.748976,-1.244064
1623660764,"2021-06-14 08:52:44",51.74953,-1.243481
1623660775,"2021-06-14 08:52:55",51.748965,-1.244069
1623660815,"2021-06-14 08:53:35",51.74953,-1.243481
1623660830,"2021-06-14 08:53:50",51.748959,-1.244065
1623660845,"2021-06-14 08:54:05",51.749209,-1.242708
1623660858,"2021-06-14 08:54:18",51.748957,-1.24403
1623660875,"2021-06-14 08:54:35",51.74953,-1.243481
1623660890,"2021-06-14 08:54:50",51.748947,-1.244058
1623660905,"2021-06-14 08:55:05",51.749209,-1.242708
1623660918,"2021-06-14 08:55:18",51.748945,-1.244058
1623660944,"2021-06-14 08:55:44",51.749209,-1.242708
1623660953,"2021-06-14 08:55:53",51.748947,-1.244056
1623660965,"2021-06-14 08:56:05",51.74953,-1.243481
1623660991,"2021-06-14 08:56:31",51.74895,-1.244066
1623661004,"2021-06-14 08:56:44",51.74953,-1.243481
1623661015,"2021-06-14 08:56:55",51.748952,-1.244065
1623661034,"2021-06-14 08:57:14",51.749049,-1.243552
1623661046,"2021-06-14 08:57:26",51.748963,-1.244012
1623661094,"2021-06-14 08:58:14",51.74953,-1.243481
1623661108,"2021-06-14 08:58:28",51.748967,-1.24406
1623661124,"2021-06-14 08:58:44",51.74953,-1.243481
1623661151,"2021-06-14 08:59:11",51.748979,-1.244054
1623661184,"2021-06-14 08:59:44",51.74953,-1.243481
1623661198,"2021-06-14 08:59:58",51.74895,-1.244071
1623661244,"2021-06-14 09:00:44",51.74953,-1.243481
1623661255,"2021-06-14 09:00:55",51.748936,-1.244079
1623661296,"2021-06-14 09:01:36",51.74953,-1.243481
1623661311,"2021-06-14 09:01:51",51.748916,-1.244093
1623661327,"2021-06-14 09:02:07",51.74953,-1.243481
1623661338,"2021-06-14 09:02:18",51.748913,-1.244093
1623661357,"2021-06-14 09:02:37",51.747231,-1.24262
1623661372,"2021-06-14 09:02:52",51.748897,-1.244094
1623661387,"2021-06-14 09:03:07",51.747231,-1.24262
1623661399,"2021-06-14 09:03:19",51.748891,-1.244092
1623661419,"2021-06-14 09:03:39",51.74953,-1.243481
1623661435,"2021-06-14 09:03:55",51.748868,-1.244089
1623661484,"2021-06-14 09:04:44",51.74953,-1.243481
1623661518,"2021-06-14 09:05:18",51.748869,-1.2441
1623661544,"2021-06-14 09:05:44",51.74953,-1.243481
1623661564,"2021-06-14 09:06:04",51.747231,-1.24262
1623661583,"2021-06-14 09:06:23",51.748857,-1.244099
1623661604,"2021-06-14 09:06:44",51.74953,-1.243481
1623661640,"2021-06-14 09:07:20",51.74886,-1.244108
1623661664,"2021-06-14 09:07:44",51.74953,-1.243481
1623661704,"2021-06-14 09:08:24",51.748854,-1.244112
1623661719,"2021-06-14 09:08:39",51.74953,-1.243481
1623661731,"2021-06-14 09:08:51",51.748863,-1.244121
1623661744,"2021-06-14 09:09:04",51.74953,-1.243481
1623661764,"2021-06-14 09:09:24",51.748863,-1.244116
1623661784,"2021-06-14 09:09:44",51.74953,-1.243481
1623661822,"2021-06-14 09:10:22",51.748868,-1.24412
1623661834,"2021-06-14 09:10:34",51.74953,-1.243481
1623661854,"2021-06-14 09:10:54",51.748869,-1.24412
1623661904,"2021-06-14 09:11:44",51.74953,-1.243481
1623661913,"2021-06-14 09:11:53",51.74887,-1.244128
1623662445,"2021-06-14 09:20:45",51.74953,-1.243481
1623662467,"2021-06-14 09:21:07",51.748892,-1.244117
1623663719,"2021-06-14 09:41:59",51.74953,-1.243481
1623663734,"2021-06-14 09:42:14",51.748517,-1.243837
1623663749,"2021-06-14 09:42:29",51.748546,-1.243058
1623663764,"2021-06-14 09:42:44",51.749534,-1.243102
1623663777,"2021-06-14 09:42:57",51.748771,-1.243019
1623663785,"2021-06-14 09:43:05",51.749098,-1.243355
1623663815,"2021-06-14 09:43:35",51.748941,-1.243756
1623663869,"2021-06-14 09:44:29",51.749868,-1.242738
1623663900,"2021-06-14 09:45:00",51.749534,-1.243102
1623663935,"2021-06-14 09:45:35",51.748973,-1.243576
1623663966,"2021-06-14 09:46:06",51.750233,-1.244478
1623663996,"2021-06-14 09:46:36",51.751281,-1.246177
1623664027,"2021-06-14 09:47:07",51.752739,-1.248289
1623664057,"2021-06-14 09:47:37",51.752825,-1.250062
1623664088,"2021-06-14 09:48:08",51.753163,-1.251944
1623664104,"2021-06-14 09:48:24",51.753047,-1.253876
1623664117,"2021-06-14 09:48:37",51.752687,-1.253785
1623664126,"2021-06-14 09:48:46",51.752602,-1.254382
1623664146,"2021-06-14 09:49:06",51.752256,-1.255375
1623664174,"2021-06-14 09:49:34",51.753047,-1.253876
1623664207,"2021-06-14 09:50:07",51.753807,-1.257095
1623664236,"2021-06-14 09:50:36",51.753582,-1.258513
1623664259,"2021-06-14 09:50:59",51.753988,-1.25847
1623664536,"2021-06-14 09:55:36",51.753338,-1.258672
1623664651,"2021-06-14 09:57:31",51.752821,-1.258448
1623664674,"2021-06-14 09:57:54",51.75322,-1.258393
1623664693,"2021-06-14 09:58:13",51.753047,-1.253876
1623664710,"2021-06-14 09:58:30",51.752455,-1.257413
1623664786,"2021-06-14 09:59:46",51.753988,-1.25847
1623664798,"2021-06-14 09:59:58",51.753047,-1.253876
1623665280,"2021-06-14 10:08:00",51.752707,-1.258045
1623665309,"2021-06-14 10:08:29",51.75304,-1.258427
1623665347,"2021-06-14 10:09:07",51.753588,-1.258591
1623665405,"2021-06-14 10:10:05",51.753705,-1.258173
1623665415,"2021-06-14 10:10:15",51.753786,-1.257699
1623665426,"2021-06-14 10:10:26",51.75392,-1.257241
1623665442,"2021-06-14 10:10:42",51.753824,-1.256831
1623665452,"2021-06-14 10:10:52",51.753616,-1.256509
1623665464,"2021-06-14 10:11:04",51.753325,-1.256256
1623665469,"2021-06-14 10:11:09",51.753026,-1.256018
1623665476,"2021-06-14 10:11:16",51.752747,-1.255962
1623665487,"2021-06-14 10:11:27",51.752457,-1.255983
1623665494,"2021-06-14 10:11:34",51.752374,-1.255565
1623665500,"2021-06-14 10:11:40",51.752509,-1.255124
1623665508,"2021-06-14 10:11:48",51.752538,-1.254662
1623665513,"2021-06-14 10:11:53",51.752616,-1.253852
1623665520,"2021-06-14 10:12:00",51.752663,-1.253376
1623665529,"2021-06-14 10:12:09",51.752736,-1.252942
1623665542,"2021-06-14 10:12:22",51.752868,-1.252525
1623665550,"2021-06-14 10:12:30",51.752879,-1.251936
1623665555,"2021-06-14 10:12:35",51.752799,-1.251362
1623665561,"2021-06-14 10:12:41",51.752652,-1.250573
1623665566,"2021-06-14 10:12:46",51.752492,-1.24978
1623665572,"2021-06-14 10:12:52",51.752362,-1.248929
1623665577,"2021-06-14 10:12:57",51.752263,-1.248303
1623665583,"2021-06-14 10:13:03",51.752054,-1.247671
1623665592,"2021-06-14 10:13:12",51.751888,-1.24726
1623665598,"2021-06-14 10:13:18",51.751484,-1.246599
1623665607,"2021-06-14 10:13:27",51.751296,-1.246283
1623665614,"2021-06-14 10:13:34",51.75111,-1.245965
1623665620,"2021-06-14 10:13:40",51.750893,-1.245558
1623665626,"2021-06-14 10:13:46",51.750528,-1.244895
1623665632,"2021-06-14 10:13:52",51.750337,-1.244267
1623665637,"2021-06-14 10:13:57",51.750256,-1.243781
1623665677,"2021-06-14 10:14:37",51.750495,-1.241415
1623665700,"2021-06-14 10:15:00",51.750893,-1.239371
1623665721,"2021-06-14 10:15:21",51.750603,-1.235567
1623665737,"2021-06-14 10:15:37",51.750209,-1.238924
1623665769,"2021-06-14 10:16:09",51.749992,-1.237402
1623665799,"2021-06-14 10:16:39",51.749631,-1.236976
1623665826,"2021-06-14 10:17:06",51.750603,-1.235567
1623665843,"2021-06-14 10:17:23",51.749649,-1.236955
1623665977,"2021-06-14 10:19:37",51.749806,-1.23845
1623666007,"2021-06-14 10:20:07",51.748619,-1.238696
1623666038,"2021-06-14 10:20:38",51.748474,-1.239471
1623666067,"2021-06-14 10:21:07",51.74779,-1.24083
1623666097,"2021-06-14 10:21:37",51.747769,-1.242226
1623666127,"2021-06-14 10:22:07",51.749116,-1.243194
1623666164,"2021-06-14 10:22:44",51.748933,-1.243551
1623666246,"2021-06-14 10:24:06",51.749872,-1.242358
1623666296,"2021-06-14 10:24:56",51.74958,-1.242512
1623666326,"2021-06-14 10:25:26",51.749209,-1.242708
1623666355,"2021-06-14 10:25:55",51.7491,-1.243595
1623666740,"2021-06-14 10:32:20",51.749004,-1.244004
1623667146,"2021-06-14 10:39:06",51.74953,-1.243481
1623667167,"2021-06-14 10:39:27",51.749209,-1.242708
1623667189,"2021-06-14 10:39:49",51.748996,-1.244009
1623667255,"2021-06-14 10:40:55",51.749209,-1.242708
1623667283,"2021-06-14 10:41:23",51.749031,-1.243779
1623667305,"2021-06-14 10:41:45",51.749106,-1.243324
1623667315,"2021-06-14 10:41:55",51.748997,-1.244041
1623667345,"2021-06-14 10:42:25",51.74953,-1.243481
1623667354,"2021-06-14 10:42:34",51.748976,-1.244106
1623667365,"2021-06-14 10:42:45",51.74953,-1.243481
1623667387,"2021-06-14 10:43:07",51.748971,-1.244124
1623667405,"2021-06-14 10:43:25",51.74953,-1.243481
1623667414,"2021-06-14 10:43:34",51.748971,-1.244128
1623667426,"2021-06-14 10:43:46",51.74953,-1.243481
1623667452,"2021-06-14 10:44:12",51.748975,-1.24412
1623667465,"2021-06-14 10:44:25",51.74953,-1.243481
1623667475,"2021-06-14 10:44:35",51.749219,-1.242732
1623667505,"2021-06-14 10:45:05",51.748969,-1.244121
1623667525,"2021-06-14 10:45:25",51.749209,-1.242708
1623667535,"2021-06-14 10:45:35",51.748968,-1.244125
1623667555,"2021-06-14 10:45:55",51.749062,-1.243573
1623667575,"2021-06-14 10:46:15",51.749223,-1.243188
1623667585,"2021-06-14 10:46:25",51.748991,-1.2441
1623667605,"2021-06-14 10:46:45",51.74953,-1.243481
1623667660,"2021-06-14 10:47:40",51.748971,-1.244127
1623667692,"2021-06-14 10:48:12",51.749209,-1.242708
1623667705,"2021-06-14 10:48:25",51.748971,-1.244118
1623667782,"2021-06-14 10:49:42",51.74953,-1.243481
1623667797,"2021-06-14 10:49:57",51.748963,-1.244135
1623667812,"2021-06-14 10:50:12",51.74953,-1.243481
1623667825,"2021-06-14 10:50:25",51.748966,-1.244135
1623667862,"2021-06-14 10:51:02",51.74953,-1.243481
1623667882,"2021-06-14 10:51:22",51.74887,-1.244188
1623667902,"2021-06-14 10:51:42",51.749028,-1.243478
1623667911,"2021-06-14 10:51:51",51.748886,-1.244126
1623667923,"2021-06-14 10:52:03",51.749209,-1.242708
1623667948,"2021-06-14 10:52:28",51.748895,-1.244102
1623667962,"2021-06-14 10:52:42",51.749209,-1.242708
1623667973,"2021-06-14 10:52:53",51.748876,-1.244171
1623668002,"2021-06-14 10:53:22",51.749213,-1.243825
1623668022,"2021-06-14 10:53:42",51.74953,-1.243481
1623668053,"2021-06-14 10:54:13",51.748944,-1.24422
1623671440,"2021-06-14 11:50:40",51.748904,-1.244197
1623671452,"2021-06-14 11:50:52",51.74891,-1.243994
1623671623,"2021-06-14 11:53:43",51.749864,-1.243116
1623672372,"2021-06-14 12:06:12",51.749864,-1.243116
1623672399,"2021-06-14 12:06:39",51.749457,-1.244281
1623675321,"2021-06-14 12:55:21",51.749318,-1.24446
1623675367,"2021-06-14 12:56:07",51.749005,-1.24412
1623675411,"2021-06-14 12:56:51",51.748822,-1.244237
1623675438,"2021-06-14 12:57:18",51.748911,-1.243701
1623675445,"2021-06-14 12:57:25",51.748846,-1.24426
1623675466,"2021-06-14 12:57:46",51.748952,-1.243846
1623675475,"2021-06-14 12:57:55",51.748837,-1.24424
1623675496,"2021-06-14 12:58:16",51.74896,-1.243843
1623677777,"2021-06-14 13:36:17",51.748971,-1.244055
1623677796,"2021-06-14 13:36:36",51.748477,-1.244429
1623678890,"2021-06-14 13:54:50",51.748477,-1.244429
1623679642,"2021-06-14 14:07:22",51.748811,-1.244283
1623682821,"2021-06-14 15:00:21",51.749906,-1.244441
1623684628,"2021-06-14 15:30:28",51.749169,-1.244265
1623684656,"2021-06-14 15:30:56",51.749418,-1.244463
1623684715,"2021-06-14 15:31:55",51.749335,-1.244494
1623684808,"2021-06-14 15:33:28",51.749069,-1.244096
1623684874,"2021-06-14 15:34:34",51.74926,-1.244418
1623684967,"2021-06-14 15:36:07",51.749569,-1.243406
1623684980,"2021-06-14 15:36:20",51.749164,-1.244352
1623684999,"2021-06-14 15:36:39",51.749569,-1.243406
1623685012,"2021-06-14 15:36:52",51.74917,-1.244357
1623685030,"2021-06-14 15:37:10",51.749569,-1.243406
1623685042,"2021-06-14 15:37:22",51.749139,-1.244358
1623685061,"2021-06-14 15:37:41",51.749569,-1.243406
1623685112,"2021-06-14 15:38:32",51.749192,-1.244376
1623685358,"2021-06-14 15:42:38",51.748912,-1.243569
1623685472,"2021-06-14 15:44:32",51.749569,-1.243406
1623685509,"2021-06-14 15:45:09",51.747283,-1.241543
1623685538,"2021-06-14 15:45:38",51.746055,-1.240566
1623685568,"2021-06-14 15:46:08",51.744595,-1.240219
1623685598,"2021-06-14 15:46:38",51.743065,-1.238953
1623685628,"2021-06-14 15:47:08",51.741914,-1.237815
1623685661,"2021-06-14 15:47:41",51.741163,-1.236087
1623685688,"2021-06-14 15:48:08",51.739776,-1.235434
1623685718,"2021-06-14 15:48:38",51.739096,-1.234775
1623685748,"2021-06-14 15:49:08",51.737476,-1.233928
1623685778,"2021-06-14 15:49:38",51.735636,-1.232741
1623685808,"2021-06-14 15:50:08",51.735664,-1.23199
1623685928,"2021-06-14 15:52:08",51.735435,-1.232326
1623686019,"2021-06-14 15:53:39",51.73549,-1.231888
1623686167,"2021-06-14 15:56:07",51.735152,-1.232271
1623686197,"2021-06-14 15:56:37",51.733751,-1.231076
1623686228,"2021-06-14 15:57:08",51.732941,-1.229567
1623686258,"2021-06-14 15:57:38",51.732591,-1.228768
1623686438,"2021-06-14 16:00:38",51.732427,-1.226159
1623686468,"2021-06-14 16:01:08",51.732335,-1.223905
1623686498,"2021-06-14 16:01:38",51.73223,-1.221561
1623686528,"2021-06-14 16:02:08",51.732197,-1.21924
1623686559,"2021-06-14 16:02:39",51.732673,-1.21803
1623686589,"2021-06-14 16:03:09",51.733715,-1.218541
1623686618,"2021-06-14 16:03:38",51.733416,-1.218178
1623688748,"2021-06-14 16:39:08",51.733434,-1.217619
1623688761,"2021-06-14 16:39:21",51.733391,-1.218179
1623688848,"2021-06-14 16:40:48",51.733688,-1.218518
1623689000,"2021-06-14 16:43:20",51.733877,-1.218919
1623689027,"2021-06-14 16:43:47",51.73377,-1.218218
1623689211,"2021-06-14 16:46:51",51.733463,-1.217995
1623689355,"2021-06-14 16:49:15",51.733822,-1.218124
1623689413,"2021-06-14 16:50:13",51.733422,-1.218155
1623689501,"2021-06-14 16:51:41",51.73312,-1.218134
1623689531,"2021-06-14 16:52:11",51.732798,-1.217795
1623689561,"2021-06-14 16:52:41",51.732491,-1.218232
1623689651,"2021-06-14 16:54:11",51.732363,-1.219302
1623689682,"2021-06-14 16:54:42",51.733027,-1.219746
1623689711,"2021-06-14 16:55:11",51.733742,-1.220481
1623689741,"2021-06-14 16:55:41",51.735221,-1.221871
1623689771,"2021-06-14 16:56:11",51.736005,-1.222581
1623689802,"2021-06-14 16:56:42",51.736993,-1.22319
1623689831,"2021-06-14 16:57:11",51.737954,-1.223941
1623689861,"2021-06-14 16:57:41",51.738944,-1.225065
1623689891,"2021-06-14 16:58:11",51.73973,-1.22621
1623689921,"2021-06-14 16:58:41",51.740507,-1.226329
1623689951,"2021-06-14 16:59:11",51.741182,-1.226495
1623689982,"2021-06-14 16:59:42",51.741999,-1.227322
1623690011,"2021-06-14 17:00:11",51.742879,-1.228176
1623690041,"2021-06-14 17:00:41",51.743503,-1.229148
1623690071,"2021-06-14 17:01:11",51.744045,-1.230185
1623690101,"2021-06-14 17:01:41",51.744771,-1.229892
1623690131,"2021-06-14 17:02:11",51.745155,-1.230592
1623690162,"2021-06-14 17:02:42",51.746152,-1.232021
1623690192,"2021-06-14 17:03:12",51.746799,-1.233834
1623690221,"2021-06-14 17:03:41",51.747514,-1.235769
1623690252,"2021-06-14 17:04:12",51.747927,-1.237536
1623690282,"2021-06-14 17:04:42",51.748871,-1.237176
1623690312,"2021-06-14 17:05:12",51.749254,-1.237135
1623690336,"2021-06-14 17:05:36",51.750465,-1.237391
1623690348,"2021-06-14 17:05:48",51.749317,-1.237229
1623690394,"2021-06-14 17:06:34",51.750465,-1.237391
1623690415,"2021-06-14 17:06:55",51.749544,-1.236563
1623690430,"2021-06-14 17:07:10",51.751376,-1.237007
1623690451,"2021-06-14 17:07:31",51.749583,-1.236786
1623690544,"2021-06-14 17:09:04",51.749432,-1.237309
1623690601,"2021-06-14 17:10:01",51.749721,-1.237216
1623690675,"2021-06-14 17:11:15",51.749207,-1.237266
1623690737,"2021-06-14 17:12:17",51.749605,-1.236976
1623690812,"2021-06-14 17:13:32",51.749897,-1.23703
1623691181,"2021-06-14 17:19:41",51.749488,-1.23709
1623691616,"2021-06-14 17:26:56",51.750587,-1.237083
1623691626,"2021-06-14 17:27:06",51.750186,-1.235897
1623691648,"2021-06-14 17:27:28",51.750587,-1.237083
1623691686,"2021-06-14 17:28:06",51.751707,-1.237176
1623691716,"2021-06-14 17:28:36",51.752546,-1.236717
1623691746,"2021-06-14 17:29:06",51.753824,-1.236047
1623691776,"2021-06-14 17:29:36",51.754985,-1.235857
1623691807,"2021-06-14 17:30:07",51.755917,-1.235626
1623691836,"2021-06-14 17:30:36",51.757001,-1.235742
1623691866,"2021-06-14 17:31:06",51.758285,-1.235738
1623691896,"2021-06-14 17:31:36",51.759825,-1.235916
1623691926,"2021-06-14 17:32:06",51.760705,-1.235909
1623691956,"2021-06-14 17:32:36",51.76196,-1.235876
1623691986,"2021-06-14 17:33:06",51.762866,-1.234885
1623692016,"2021-06-14 17:33:36",51.762878,-1.233696
1623692046,"2021-06-14 17:34:06",51.762903,-1.232767
1623692073,"2021-06-14 17:34:33",51.762941,-1.232185
1623692105,"2021-06-14 17:35:05",51.763021,-1.231768
1623692133,"2021-06-14 17:35:33",51.763044,-1.231331
1623692163,"2021-06-14 17:36:03",51.763123,-1.230905
1623692194,"2021-06-14 17:36:34",51.763162,-1.23047
1623692222,"2021-06-14 17:37:02",51.763198,-1.230031
1623692244,"2021-06-14 17:37:24",51.763179,-1.229579
1623692260,"2021-06-14 17:37:40",51.763191,-1.229144
1623692280,"2021-06-14 17:38:00",51.763038,-1.228757
1623692417,"2021-06-14 17:40:17",51.762243,-1.229174
1623692465,"2021-06-14 17:41:05",51.762738,-1.228536
1623692495,"2021-06-14 17:41:35",51.762895,-1.228946
1623695127,"2021-06-14 18:25:27",51.762895,-1.228946
1623697808,"2021-06-14 19:10:08",51.760986,-1.210958
1623697901,"2021-06-14 19:11:41",51.760381,-1.211097
1623697932,"2021-06-14 19:12:12",51.75967,-1.212023
1623697962,"2021-06-14 19:12:42",51.758935,-1.214646
1623697992,"2021-06-14 19:13:12",51.758475,-1.216512
1623698021,"2021-06-14 19:13:41",51.757676,-1.218649
1623698051,"2021-06-14 19:14:11",51.757434,-1.21944
1623698081,"2021-06-14 19:14:41",51.756999,-1.221007
1623698112,"2021-06-14 19:15:12",51.75646,-1.222889
1623698141,"2021-06-14 19:15:41",51.756191,-1.223744
1623698171,"2021-06-14 19:16:11",51.755731,-1.225654
1623698184,"2021-06-14 19:16:24",51.75563,-1.227829
1623698202,"2021-06-14 19:16:42",51.755335,-1.227279
1623698216,"2021-06-14 19:16:56",51.754979,-1.227042
1623698234,"2021-06-14 19:17:14",51.754779,-1.228912
1623698262,"2021-06-14 19:17:42",51.753287,-1.233008
1623698279,"2021-06-14 19:17:59",51.753593,-1.233425
1623698291,"2021-06-14 19:18:11",51.751961,-1.23683
1623698321,"2021-06-14 19:18:41",51.75077,-1.236636
1623698342,"2021-06-14 19:19:02",51.750587,-1.237083
1623698352,"2021-06-14 19:19:12",51.750161,-1.236172
1623698374,"2021-06-14 19:19:34",51.750587,-1.237083
1623698412,"2021-06-14 19:20:12",51.749425,-1.237119
1623698500,"2021-06-14 19:21:40",51.752243,-1.236398
1623698513,"2021-06-14 19:21:53",51.749444,-1.237176
1623699869,"2021-06-14 19:44:29",51.749483,-1.237101
1623701397,"2021-06-14 20:09:57",51.749206,-1.23752
1623703466,"2021-06-14 20:44:26",51.749206,-1.23752
1623703467,"2021-06-14 20:44:27",51.749478,-1.237074
1623705474,"2021-06-14 21:17:54",51.749458,-1.237073
1623705680,"2021-06-14 21:21:20",51.749459,-1.237075
1623705807,"2021-06-14 21:23:27",51.749457,-1.237071
1623706063,"2021-06-14 21:27:43",51.749578,-1.23724
1623706136,"2021-06-14 21:28:56",51.749492,-1.237213
1623706653,"2021-06-14 21:37:33",51.749457,-1.237118
1623707337,"2021-06-14 21:48:57",51.749457,-1.237112
